"id","name","description"
1,"A","A"
2,"B","B"
3,"C","C"
4,"D","D"
5,"E","E"
6,"F","F"
7,"G","G"
8,"H","H"
9,"I","I"
10,"J","J"
11,"K","K"
12,"L","L"
13,"M","M"
14,"N","N"
15,"O","O"
16,"P","P"
17,"Q","Q"
18,"R","R"
19,"S","S"
20,"T","T"
21,"A","A"
22,"B","B"
23,"C","C"
24,"D","D"
25,"E","E"
26,"F","F"
27,"G","G"
28,"H","H"
29,"I","I"
30,"J","J"
31,"K","K"
32,"L","L"
33,"M","M"
34,"N","N"
35,"O","O"
36,"P","P"
37,"Q","Q"
38,"R","R"
39,"S","S"
40,"T","T"
41,"A","A"
42,"B","B"
43,"C","C"
44,"D","D"
45,"E","E"
46,"F","F"
47,"G","G"
48,"H","H"
49,"I","I"
50,"J","J"
51,"K","K"
52,"L","L"
53,"M","M"
54,"N","N"
55,"O","O"
56,"P","P"
57,"Q","Q"
58,"R","R"
59,"S","S"
60,"T","T"
61,"A","A"
62,"B","B"
63,"C","C"
64,"D","D"
65,"E","E"
66,"F","F"
67,"G","G"
68,"H","H"
69,"I","I"
70,"J","J"
71,"K","K"
72,"L","L"
73,"M","M"
74,"N","N"
75,"O","O"
76,"P","P"
77,"Q","Q"
78,"R","R"
79,"S","S"
80,"T","T"
81,"A","A"
82,"B","B"
83,"C","C"
84,"D","D"
85,"E","E"
86,"F","F"
87,"G","G"
88,"H","H"
89,"I","I"
90,"J","J"
91,"K","K"
92,"L","L"
93,"M","M"
94,"N","N"
95,"O","O"
96,"P","P"
97,"Q","Q"
98,"R","R"
99,"S","S"
100,"T","T"
101,"A","A"
102,"B","B"
103,"C","C"
104,"D","D"
105,"E","E"
106,"F","F"
107,"G","G"
108,"H","H"
109,"I","I"
110,"J","J"
111,"K","K"
112,"L","L"
113,"M","M"
114,"N","N"
115,"O","O"
116,"P","P"
117,"Q","Q"
118,"R","R"
119,"S","S"
120,"T","T"
121,"A","A"
122,"B","B"
123,"C","C"
124,"D","D"
125,"E","E"
126,"F","F"
127,"G","G"
128,"H","H"
129,"I","I"
130,"J","J"
131,"K","K"
132,"L","L"
133,"M","M"
134,"N","N"
135,"O","O"
136,"P","P"
137,"Q","Q"
138,"R","R"
139,"S","S"
140,"T","T"
141,"A","A"
142,"B","B"
143,"C","C"
144,"D","D"
145,"E","E"
146,"F","F"
147,"G","G"
148,"H","H"
149,"I","I"
150,"J","J"
151,"K","K"
152,"L","L"
153,"M","M"
154,"N","N"
155,"O","O"
156,"P","P"
157,"Q","Q"
158,"R","R"
159,"S","S"
160,"T","T"
161,"A","A"
162,"B","B"
163,"C","C"
164,"D","D"
165,"E","E"
166,"F","F"
167,"G","G"
168,"H","H"
169,"I","I"
170,"J","J"
171,"K","K"
172,"L","L"
173,"M","M"
174,"N","N"
175,"O","O"
176,"P","P"
177,"Q","Q"
178,"R","R"
179,"S","S"
180,"T","T"
181,"A","A"
182,"B","B"
183,"C","C"
184,"D","D"
185,"E","E"
186,"F","F"
187,"G","G"
188,"H","H"
189,"I","I"
190,"J","J"
191,"K","K"
192,"L","L"
193,"M","M"
194,"N","N"
195,"O","O"
196,"P","P"
197,"Q","Q"
198,"R","R"
199,"S","S"
200,"T","T"
201,"A","A"
202,"B","B"
203,"C","C"
204,"D","D"
205,"E","E"
206,"F","F"
207,"G","G"
208,"H","H"
209,"I","I"
210,"J","J"
211,"K","K"
212,"L","L"
213,"M","M"
214,"N","N"
215,"O","O"
216,"P","P"
217,"Q","Q"
218,"R","R"
219,"S","S"
220,"T","T"
221,"A","A"
222,"B","B"
223,"C","C"
224,"D","D"
225,"E","E"
226,"F","F"
227,"G","G"
228,"H","H"
229,"I","I"
230,"J","J"
231,"K","K"
232,"L","L"
233,"M","M"
234,"N","N"
235,"O","O"
236,"P","P"
237,"Q","Q"
238,"R","R"
239,"S","S"
240,"T","T"
241,"A","A"
242,"B","B"
243,"C","C"
244,"D","D"
245,"E","E"
246,"F","F"
247,"G","G"
248,"H","H"
249,"I","I"
250,"J","J"
251,"K","K"
252,"L","L"
253,"M","M"
254,"N","N"
255,"O","O"
256,"P","P"
257,"Q","Q"
258,"R","R"
259,"S","S"
260,"T","T"
261,"A","A"
262,"B","B"
263,"C","C"
264,"D","D"
265,"E","E"
266,"F","F"
267,"G","G"
268,"H","H"
269,"I","I"
270,"J","J"
271,"K","K"
272,"L","L"
273,"M","M"
274,"N","N"
275,"O","O"
276,"P","P"
277,"Q","Q"
278,"R","R"
279,"S","S"
280,"T","T"
281,"A","A"
282,"B","B"
283,"C","C"
284,"D","D"
285,"E","E"
286,"F","F"
287,"G","G"
288,"H","H"
289,"I","I"
290,"J","J"
291,"K","K"
292,"L","L"
293,"M","M"
294,"N","N"
295,"O","O"
296,"P","P"
297,"Q","Q"
298,"R","R"
299,"S","S"
300,"T","T"
301,"A","A"
302,"B","B"
303,"C","C"
304,"D","D"
305,"E","E"
306,"F","F"
307,"G","G"
308,"H","H"
309,"I","I"
310,"J","J"
311,"K","K"
312,"L","L"
313,"M","M"
314,"N","N"
315,"O","O"
316,"P","P"
317,"Q","Q"
318,"R","R"
319,"S","S"
320,"T","T"
321,"A","A"
322,"B","B"
323,"C","C"
324,"D","D"
325,"E","E"
326,"F","F"
327,"G","G"
328,"H","H"
329,"I","I"
330,"J","J"
331,"K","K"
332,"L","L"
333,"M","M"
334,"N","N"
335,"O","O"
336,"P","P"
337,"Q","Q"
338,"R","R"
339,"S","S"
340,"T","T"
341,"A","A"
342,"B","B"
343,"C","C"
344,"D","D"
345,"E","E"
346,"F","F"
347,"G","G"
348,"H","H"
349,"I","I"
350,"J","J"
351,"K","K"
352,"L","L"
353,"M","M"
354,"N","N"
355,"O","O"
356,"P","P"
357,"Q","Q"
358,"R","R"
359,"S","S"
360,"T","T"
361,"A","A"
362,"B","B"
363,"C","C"
364,"D","D"
365,"E","E"
366,"F","F"
367,"G","G"
368,"H","H"
369,"I","I"
370,"J","J"
371,"K","K"
372,"L","L"
373,"M","M"
374,"N","N"
375,"O","O"
376,"P","P"
377,"Q","Q"
378,"R","R"
379,"S","S"
380,"T","T"
381,"A","A"
382,"B","B"
383,"C","C"
384,"D","D"
385,"E","E"
386,"F","F"
387,"G","G"
388,"H","H"
389,"I","I"
390,"J","J"
391,"K","K"
392,"L","L"
393,"M","M"
394,"N","N"
395,"O","O"
396,"P","P"
397,"Q","Q"
398,"R","R"
399,"S","S"
400,"T","T"
401,"A","A"
402,"B","B"
403,"C","C"
404,"D","D"
405,"E","E"
406,"F","F"
407,"G","G"
408,"H","H"
409,"I","I"
410,"J","J"
411,"K","K"
412,"L","L"
413,"M","M"
414,"N","N"
415,"O","O"
416,"P","P"
417,"Q","Q"
418,"R","R"
419,"S","S"
420,"T","T"
421,"A","A"
422,"B","B"
423,"C","C"
424,"D","D"
425,"E","E"
426,"F","F"
427,"G","G"
428,"H","H"
429,"I","I"
430,"J","J"
431,"K","K"
432,"L","L"
433,"M","M"
434,"N","N"
435,"O","O"
436,"P","P"
437,"Q","Q"
438,"R","R"
439,"S","S"
440,"T","T"
441,"A","A"
442,"B","B"
443,"C","C"
444,"D","D"
445,"E","E"
446,"F","F"
447,"G","G"
448,"H","H"
449,"I","I"
450,"J","J"
451,"K","K"
452,"L","L"
453,"M","M"
454,"N","N"
455,"O","O"
456,"P","P"
457,"Q","Q"
458,"R","R"
459,"S","S"
460,"T","T"
461,"A","A"
462,"B","B"
463,"C","C"
464,"D","D"
465,"E","E"
466,"F","F"
467,"G","G"
468,"H","H"
469,"I","I"
470,"J","J"
471,"K","K"
472,"L","L"
473,"M","M"
474,"N","N"
475,"O","O"
476,"P","P"
477,"Q","Q"
478,"R","R"
479,"S","S"
480,"T","T"
481,"A","A"
482,"B","B"
483,"C","C"
484,"D","D"
485,"E","E"
486,"F","F"
487,"G","G"
488,"H","H"
489,"I","I"
490,"J","J"
491,"K","K"
492,"L","L"
493,"M","M"
494,"N","N"
495,"O","O"
496,"P","P"
497,"Q","Q"
498,"R","R"
499,"S","S"
500,"T","T"
501,"A","A"
502,"B","B"
503,"C","C"
504,"D","D"
505,"E","E"
506,"F","F"
507,"G","G"
508,"H","H"
509,"I","I"
510,"J","J"
511,"K","K"
512,"L","L"
513,"M","M"
514,"N","N"
515,"O","O"
516,"P","P"
517,"Q","Q"
518,"R","R"
519,"S","S"
520,"T","T"
521,"A","A"
522,"B","B"
523,"C","C"
524,"D","D"
525,"E","E"
526,"F","F"
527,"G","G"
528,"H","H"
529,"I","I"
530,"J","J"
531,"K","K"
532,"L","L"
533,"M","M"
534,"N","N"
535,"O","O"
536,"P","P"
537,"Q","Q"
538,"R","R"
539,"S","S"
540,"T","T"
541,"A","A"
542,"B","B"
543,"C","C"
544,"D","D"
545,"E","E"
546,"F","F"
547,"G","G"
548,"H","H"
549,"I","I"
550,"J","J"
551,"K","K"
552,"L","L"
553,"M","M"
554,"N","N"
555,"O","O"
556,"P","P"
557,"Q","Q"
558,"R","R"
559,"S","S"
560,"T","T"
561,"A","A"
562,"B","B"
563,"C","C"
564,"D","D"
565,"E","E"
566,"F","F"
567,"G","G"
568,"H","H"
569,"I","I"
570,"J","J"
571,"K","K"
572,"L","L"
573,"M","M"
574,"N","N"
575,"O","O"
576,"P","P"
577,"Q","Q"
578,"R","R"
579,"S","S"
580,"T","T"
581,"A","A"
582,"B","B"
583,"C","C"
584,"D","D"
585,"E","E"
586,"F","F"
587,"G","G"
588,"H","H"
589,"I","I"
590,"J","J"
591,"K","K"
592,"L","L"
593,"M","M"
594,"N","N"
595,"O","O"
596,"P","P"
597,"Q","Q"
598,"R","R"
599,"S","S"
600,"T","T"
601,"A","A"
602,"B","B"
603,"C","C"
604,"D","D"
605,"E","E"
606,"F","F"
607,"G","G"
608,"H","H"
609,"I","I"
610,"J","J"
611,"K","K"
612,"L","L"
613,"M","M"
614,"N","N"
615,"O","O"
616,"P","P"
617,"Q","Q"
618,"R","R"
619,"S","S"
620,"T","T"
621,"A","A"
622,"B","B"
623,"C","C"
624,"D","D"
625,"E","E"
626,"F","F"
627,"G","G"
628,"H","H"
629,"I","I"
630,"J","J"
631,"K","K"
632,"L","L"
633,"M","M"
634,"N","N"
635,"O","O"
636,"P","P"
637,"Q","Q"
638,"R","R"
639,"S","S"
640,"T","T"
641,"A","A"
642,"B","B"
643,"C","C"
644,"D","D"
645,"E","E"
646,"F","F"
647,"G","G"
648,"H","H"
649,"I","I"
650,"J","J"
651,"K","K"
652,"L","L"
653,"M","M"
654,"N","N"
655,"O","O"
656,"P","P"
657,"Q","Q"
658,"R","R"
659,"S","S"
660,"T","T"
661,"A","A"
662,"B","B"
663,"C","C"
664,"D","D"
665,"E","E"
666,"F","F"
667,"G","G"
668,"H","H"
669,"I","I"
670,"J","J"
671,"K","K"
672,"L","L"
673,"M","M"
674,"N","N"
675,"O","O"
676,"P","P"
677,"Q","Q"
678,"R","R"
679,"S","S"
680,"T","T"
681,"A","A"
682,"B","B"
683,"C","C"
684,"D","D"
685,"E","E"
686,"F","F"
687,"G","G"
688,"H","H"
689,"I","I"
690,"J","J"
691,"K","K"
692,"L","L"
693,"M","M"
694,"N","N"
695,"O","O"
696,"P","P"
697,"Q","Q"
698,"R","R"
699,"S","S"
700,"T","T"
701,"A","A"
702,"B","B"
703,"C","C"
704,"D","D"
705,"E","E"
706,"F","F"
707,"G","G"
708,"H","H"
709,"I","I"
710,"J","J"
711,"K","K"
712,"L","L"
713,"M","M"
714,"N","N"
715,"O","O"
716,"P","P"
717,"Q","Q"
718,"R","R"
719,"S","S"
720,"T","T"
721,"A","A"
722,"B","B"
723,"C","C"
724,"D","D"
725,"E","E"
726,"F","F"
727,"G","G"
728,"H","H"
729,"I","I"
730,"J","J"
731,"K","K"
732,"L","L"
733,"M","M"
734,"N","N"
735,"O","O"
736,"P","P"
737,"Q","Q"
738,"R","R"
739,"S","S"
740,"T","T"
741,"A","A"
742,"B","B"
743,"C","C"
744,"D","D"
745,"E","E"
746,"F","F"
747,"G","G"
748,"H","H"
749,"I","I"
750,"J","J"
751,"K","K"
752,"L","L"
753,"M","M"
754,"N","N"
755,"O","O"
756,"P","P"
757,"Q","Q"
758,"R","R"
759,"S","S"
760,"T","T"
761,"A","A"
762,"B","B"
763,"C","C"
764,"D","D"
765,"E","E"
766,"F","F"
767,"G","G"
768,"H","H"
769,"I","I"
770,"J","J"
771,"K","K"
772,"L","L"
773,"M","M"
774,"N","N"
775,"O","O"
776,"P","P"
777,"Q","Q"
778,"R","R"
779,"S","S"
780,"T","T"
781,"A","A"
782,"B","B"
783,"C","C"
784,"D","D"
785,"E","E"
786,"F","F"
787,"G","G"
788,"H","H"
789,"I","I"
790,"J","J"
791,"K","K"
792,"L","L"
793,"M","M"
794,"N","N"
795,"O","O"
796,"P","P"
797,"Q","Q"
798,"R","R"
799,"S","S"
800,"T","T"
801,"A","A"
802,"B","B"
803,"C","C"
804,"D","D"
805,"E","E"
806,"F","F"
807,"G","G"
808,"H","H"
809,"I","I"
810,"J","J"
811,"K","K"
812,"L","L"
813,"M","M"
814,"N","N"
815,"O","O"
816,"P","P"
817,"Q","Q"
818,"R","R"
819,"S","S"
820,"T","T"
821,"A","A"
822,"B","B"
823,"C","C"
824,"D","D"
825,"E","E"
826,"F","F"
827,"G","G"
828,"H","H"
829,"I","I"
830,"J","J"
831,"K","K"
832,"L","L"
833,"M","M"
834,"N","N"
835,"O","O"
836,"P","P"
837,"Q","Q"
838,"R","R"
839,"S","S"
840,"T","T"
841,"A","A"
842,"B","B"
843,"C","C"
844,"D","D"
845,"E","E"
846,"F","F"
847,"G","G"
848,"H","H"
849,"I","I"
850,"J","J"
851,"K","K"
852,"L","L"
853,"M","M"
854,"N","N"
855,"O","O"
856,"P","P"
857,"Q","Q"
858,"R","R"
859,"S","S"
860,"T","T"
861,"A","A"
862,"B","B"
863,"C","C"
864,"D","D"
865,"E","E"
866,"F","F"
867,"G","G"
868,"H","H"
869,"I","I"
870,"J","J"
871,"K","K"
872,"L","L"
873,"M","M"
874,"N","N"
875,"O","O"
876,"P","P"
877,"Q","Q"
878,"R","R"
879,"S","S"
880,"T","T"
881,"A","A"
882,"B","B"
883,"C","C"
884,"D","D"
885,"E","E"
886,"F","F"
887,"G","G"
888,"H","H"
889,"I","I"
890,"J","J"
891,"K","K"
892,"L","L"
893,"M","M"
894,"N","N"
895,"O","O"
896,"P","P"
897,"Q","Q"
898,"R","R"
899,"S","S"
900,"T","T"
901,"A","A"
902,"B","B"
903,"C","C"
904,"D","D"
905,"E","E"
906,"F","F"
907,"G","G"
908,"H","H"
909,"I","I"
910,"J","J"
911,"K","K"
912,"L","L"
913,"M","M"
914,"N","N"
915,"O","O"
916,"P","P"
917,"Q","Q"
918,"R","R"
919,"S","S"
920,"T","T"
921,"A","A"
922,"B","B"
923,"C","C"
924,"D","D"
925,"E","E"
926,"F","F"
927,"G","G"
928,"H","H"
929,"I","I"
930,"J","J"
931,"K","K"
932,"L","L"
933,"M","M"
934,"N","N"
935,"O","O"
936,"P","P"
937,"Q","Q"
938,"R","R"
939,"S","S"
940,"T","T"
941,"A","A"
942,"B","B"
943,"C","C"
944,"D","D"
945,"E","E"
946,"F","F"
947,"G","G"
948,"H","H"
949,"I","I"
950,"J","J"
951,"K","K"
952,"L","L"
953,"M","M"
954,"N","N"
955,"O","O"
956,"P","P"
957,"Q","Q"
958,"R","R"
959,"S","S"
960,"T","T"
961,"A","A"
962,"B","B"
963,"C","C"
964,"D","D"
965,"E","E"
966,"F","F"
967,"G","G"
968,"H","H"
969,"I","I"
970,"J","J"
971,"K","K"
972,"L","L"
973,"M","M"
974,"N","N"
975,"O","O"
976,"P","P"
977,"Q","Q"
978,"R","R"
979,"S","S"
980,"T","T"
981,"A","A"
982,"B","B"
983,"C","C"
984,"D","D"
985,"E","E"
986,"F","F"
987,"G","G"
988,"H","H"
989,"I","I"
990,"J","J"
991,"K","K"
992,"L","L"
993,"M","M"
994,"N","N"
995,"O","O"
996,"P","P"
997,"Q","Q"
998,"R","R"
999,"S","S"
1000,"T","T"
1001,"A","A"
1002,"B","B"
1003,"C","C"
1004,"D","D"
1005,"E","E"
1006,"F","F"
1007,"G","G"
1008,"H","H"
1009,"I","I"
1010,"J","J"
1011,"K","K"
1012,"L","L"
1013,"M","M"
1014,"N","N"
1015,"O","O"
1016,"P","P"
1017,"Q","Q"
1018,"R","R"
1019,"S","S"
1020,"T","T"
1021,"A","A"
1022,"B","B"
1023,"C","C"
1024,"D","D"
1025,"E","E"
1026,"F","F"
1027,"G","G"
1028,"H","H"
1029,"I","I"
1030,"J","J"
1031,"K","K"
1032,"L","L"
1033,"M","M"
1034,"N","N"
1035,"O","O"
1036,"P","P"
1037,"Q","Q"
1038,"R","R"
1039,"S","S"
1040,"T","T"
1041,"A","A"
1042,"B","B"
1043,"C","C"
1044,"D","D"
1045,"E","E"
1046,"F","F"
1047,"G","G"
1048,"H","H"
1049,"I","I"
1050,"J","J"
1051,"K","K"
1052,"L","L"
1053,"M","M"
1054,"N","N"
1055,"O","O"
1056,"P","P"
1057,"Q","Q"
1058,"R","R"
1059,"S","S"
1060,"T","T"
1061,"A","A"
1062,"B","B"
1063,"C","C"
1064,"D","D"
1065,"E","E"
1066,"F","F"
1067,"G","G"
1068,"H","H"
1069,"I","I"
1070,"J","J"
1071,"K","K"
1072,"L","L"
1073,"M","M"
1074,"N","N"
1075,"O","O"
1076,"P","P"
1077,"Q","Q"
1078,"R","R"
1079,"S","S"
1080,"T","T"
1081,"A","A"
1082,"B","B"
1083,"C","C"
1084,"D","D"
1085,"E","E"
1086,"F","F"
1087,"G","G"
1088,"H","H"
1089,"I","I"
1090,"J","J"
1091,"K","K"
1092,"L","L"
1093,"M","M"
1094,"N","N"
1095,"O","O"
1096,"P","P"
1097,"Q","Q"
1098,"R","R"
1099,"S","S"
1100,"T","T"
1101,"A","A"
1102,"B","B"
1103,"C","C"
1104,"D","D"
1105,"E","E"
1106,"F","F"
1107,"G","G"
1108,"H","H"
1109,"I","I"
1110,"J","J"
1111,"K","K"
1112,"L","L"
1113,"M","M"
1114,"N","N"
1115,"O","O"
1116,"P","P"
1117,"Q","Q"
1118,"R","R"
1119,"S","S"
1120,"T","T"
1121,"A","A"
1122,"B","B"
1123,"C","C"
1124,"D","D"
1125,"E","E"
1126,"F","F"
1127,"G","G"
1128,"H","H"
1129,"I","I"
1130,"J","J"
1131,"K","K"
1132,"L","L"
1133,"M","M"
1134,"N","N"
1135,"O","O"
1136,"P","P"
1137,"Q","Q"
1138,"R","R"
1139,"S","S"
1140,"T","T"
1141,"A","A"
1142,"B","B"
1143,"C","C"
1144,"D","D"
1145,"E","E"
1146,"F","F"
1147,"G","G"
1148,"H","H"
1149,"I","I"
1150,"J","J"
1151,"K","K"
1152,"L","L"
1153,"M","M"
1154,"N","N"
1155,"O","O"
1156,"P","P"
1157,"Q","Q"
1158,"R","R"
1159,"S","S"
1160,"T","T"
1161,"A","A"
1162,"B","B"
1163,"C","C"
1164,"D","D"
1165,"E","E"
1166,"F","F"
1167,"G","G"
1168,"H","H"
1169,"I","I"
1170,"J","J"
1171,"K","K"
1172,"L","L"
1173,"M","M"
1174,"N","N"
1175,"O","O"
1176,"P","P"
1177,"Q","Q"
1178,"R","R"
1179,"S","S"
1180,"T","T"
1181,"A","A"
1182,"B","B"
1183,"C","C"
1184,"D","D"
1185,"E","E"
1186,"F","F"
1187,"G","G"
1188,"H","H"
1189,"I","I"
1190,"J","J"
1191,"K","K"
1192,"L","L"
1193,"M","M"
1194,"N","N"
1195,"O","O"
1196,"P","P"
1197,"Q","Q"
1198,"R","R"
1199,"S","S"
1200,"T","T"
1201,"A","A"
1202,"B","B"
1203,"C","C"
1204,"D","D"
1205,"E","E"
1206,"F","F"
1207,"G","G"
1208,"H","H"
1209,"I","I"
1210,"J","J"
1211,"K","K"
1212,"L","L"
1213,"M","M"
1214,"N","N"
1215,"O","O"
1216,"P","P"
1217,"Q","Q"
1218,"R","R"
1219,"S","S"
1220,"T","T"
1221,"A","A"
1222,"B","B"
1223,"C","C"
1224,"D","D"
1225,"E","E"
1226,"F","F"
1227,"G","G"
1228,"H","H"
1229,"I","I"
1230,"J","J"
1231,"K","K"
1232,"L","L"
1233,"M","M"
1234,"N","N"
1235,"O","O"
1236,"P","P"
1237,"Q","Q"
1238,"R","R"
1239,"S","S"
1240,"T","T"
1241,"A","A"
1242,"B","B"
1243,"C","C"
1244,"D","D"
1245,"E","E"
1246,"F","F"
1247,"G","G"
1248,"H","H"
1249,"I","I"
1250,"J","J"
1251,"K","K"
1252,"L","L"
1253,"M","M"
1254,"N","N"
1255,"O","O"
1256,"P","P"
1257,"Q","Q"
1258,"R","R"
1259,"S","S"
1260,"T","T"
1261,"A","A"
1262,"B","B"
1263,"C","C"
1264,"D","D"
1265,"E","E"
1266,"F","F"
1267,"G","G"
1268,"H","H"
1269,"I","I"
1270,"J","J"
1271,"K","K"
1272,"L","L"
1273,"M","M"
1274,"N","N"
1275,"O","O"
1276,"P","P"
1277,"Q","Q"
1278,"R","R"
1279,"S","S"
1280,"T","T"
1281,"A","A"
1282,"B","B"
1283,"C","C"
1284,"D","D"
1285,"E","E"
1286,"F","F"
1287,"G","G"
1288,"H","H"
1289,"I","I"
1290,"J","J"
1291,"K","K"
1292,"L","L"
1293,"M","M"
1294,"N","N"
1295,"O","O"
1296,"P","P"
1297,"Q","Q"
1298,"R","R"
1299,"S","S"
1300,"T","T"
1301,"A","A"
1302,"B","B"
1303,"C","C"
1304,"D","D"
1305,"E","E"
1306,"F","F"
1307,"G","G"
1308,"H","H"
1309,"I","I"
1310,"J","J"
1311,"K","K"
1312,"L","L"
1313,"M","M"
1314,"N","N"
1315,"O","O"
1316,"P","P"
1317,"Q","Q"
1318,"R","R"
1319,"S","S"
1320,"T","T"
1321,"A","A"
1322,"B","B"
1323,"C","C"
1324,"D","D"
1325,"E","E"
1326,"F","F"
1327,"G","G"
1328,"H","H"
1329,"I","I"
1330,"J","J"
1331,"K","K"
1332,"L","L"
1333,"M","M"
1334,"N","N"
1335,"O","O"
1336,"P","P"
1337,"Q","Q"
1338,"R","R"
1339,"S","S"
1340,"T","T"
1341,"A","A"
1342,"B","B"
1343,"C","C"
1344,"D","D"
1345,"E","E"
1346,"F","F"
1347,"G","G"
1348,"H","H"
1349,"I","I"
1350,"J","J"
1351,"K","K"
1352,"L","L"
1353,"M","M"
1354,"N","N"
1355,"O","O"
1356,"P","P"
1357,"Q","Q"
1358,"R","R"
1359,"S","S"
1360,"T","T"
1361,"A","A"
1362,"B","B"
1363,"C","C"
1364,"D","D"
1365,"E","E"
1366,"F","F"
1367,"G","G"
1368,"H","H"
1369,"I","I"
1370,"J","J"
1371,"K","K"
1372,"L","L"
1373,"M","M"
1374,"N","N"
1375,"O","O"
1376,"P","P"
1377,"Q","Q"
1378,"R","R"
1379,"S","S"
1380,"T","T"
1381,"A","A"
1382,"B","B"
1383,"C","C"
1384,"D","D"
1385,"E","E"
1386,"F","F"
1387,"G","G"
1388,"H","H"
1389,"I","I"
1390,"J","J"
1391,"K","K"
1392,"L","L"
1393,"M","M"
1394,"N","N"
1395,"O","O"
1396,"P","P"
1397,"Q","Q"
1398,"R","R"
1399,"S","S"
1400,"T","T"
1401,"A","A"
1402,"B","B"
1403,"C","C"
1404,"D","D"
1405,"E","E"
1406,"F","F"
1407,"G","G"
1408,"H","H"
1409,"I","I"
1410,"J","J"
1411,"K","K"
1412,"L","L"
1413,"M","M"
1414,"N","N"
1415,"O","O"
1416,"P","P"
1417,"Q","Q"
1418,"R","R"
1419,"S","S"
1420,"T","T"
1421,"A","A"
1422,"B","B"
1423,"C","C"
1424,"D","D"
1425,"E","E"
1426,"F","F"
1427,"G","G"
1428,"H","H"
1429,"I","I"
1430,"J","J"
1431,"K","K"
1432,"L","L"
1433,"M","M"
1434,"N","N"
1435,"O","O"
1436,"P","P"
1437,"Q","Q"
1438,"R","R"
1439,"S","S"
1440,"T","T"
1441,"A","A"
1442,"B","B"
1443,"C","C"
1444,"D","D"
1445,"E","E"
1446,"F","F"
1447,"G","G"
1448,"H","H"
1449,"I","I"
1450,"J","J"
1451,"K","K"
1452,"L","L"
1453,"M","M"
1454,"N","N"
1455,"O","O"
1456,"P","P"
1457,"Q","Q"
1458,"R","R"
1459,"S","S"
1460,"T","T"
1461,"A","A"
1462,"B","B"
1463,"C","C"
1464,"D","D"
1465,"E","E"
1466,"F","F"
1467,"G","G"
1468,"H","H"
1469,"I","I"
1470,"J","J"
1471,"K","K"
1472,"L","L"
1473,"M","M"
1474,"N","N"
1475,"O","O"
1476,"P","P"
1477,"Q","Q"
1478,"R","R"
1479,"S","S"
1480,"T","T"
1481,"A","A"
1482,"B","B"
1483,"C","C"
1484,"D","D"
1485,"E","E"
1486,"F","F"
1487,"G","G"
1488,"H","H"
1489,"I","I"
1490,"J","J"
1491,"K","K"
1492,"L","L"
1493,"M","M"
1494,"N","N"
1495,"O","O"
1496,"P","P"
1497,"Q","Q"
1498,"R","R"
1499,"S","S"
1500,"T","T"
1501,"A","A"
1502,"B","B"
1503,"C","C"
1504,"D","D"
1505,"E","E"
1506,"F","F"
1507,"G","G"
1508,"H","H"
1509,"I","I"
1510,"J","J"
1511,"K","K"
1512,"L","L"
1513,"M","M"
1514,"N","N"
1515,"O","O"
1516,"P","P"
1517,"Q","Q"
1518,"R","R"
1519,"S","S"
1520,"T","T"
1521,"A","A"
1522,"B","B"
1523,"C","C"
1524,"D","D"
1525,"E","E"
1526,"F","F"
1527,"G","G"
1528,"H","H"
1529,"I","I"
1530,"J","J"
1531,"K","K"
1532,"L","L"
1533,"M","M"
1534,"N","N"
1535,"O","O"
1536,"P","P"
1537,"Q","Q"
1538,"R","R"
1539,"S","S"
1540,"T","T"
1541,"A","A"
1542,"B","B"
1543,"C","C"
1544,"D","D"
1545,"E","E"
1546,"F","F"
1547,"G","G"
1548,"H","H"
1549,"I","I"
1550,"J","J"
1551,"K","K"
1552,"L","L"
1553,"M","M"
1554,"N","N"
1555,"O","O"
1556,"P","P"
1557,"Q","Q"
1558,"R","R"
1559,"S","S"
1560,"T","T"
1561,"A","A"
1562,"B","B"
1563,"C","C"
1564,"D","D"
1565,"E","E"
1566,"F","F"
1567,"G","G"
1568,"H","H"
1569,"I","I"
1570,"J","J"
1571,"K","K"
1572,"L","L"
1573,"M","M"
1574,"N","N"
1575,"O","O"
1576,"P","P"
1577,"Q","Q"
1578,"R","R"
1579,"S","S"
1580,"T","T"
1581,"A","A"
1582,"B","B"
1583,"C","C"
1584,"D","D"
1585,"E","E"
1586,"F","F"
1587,"G","G"
1588,"H","H"
1589,"I","I"
1590,"J","J"
1591,"K","K"
1592,"L","L"
1593,"M","M"
1594,"N","N"
1595,"O","O"
1596,"P","P"
1597,"Q","Q"
1598,"R","R"
1599,"S","S"
1600,"T","T"
1601,"A","A"
1602,"B","B"
1603,"C","C"
1604,"D","D"
1605,"E","E"
1606,"F","F"
1607,"G","G"
1608,"H","H"
1609,"I","I"
1610,"J","J"
1611,"K","K"
1612,"L","L"
1613,"M","M"
1614,"N","N"
1615,"O","O"
1616,"P","P"
1617,"Q","Q"
1618,"R","R"
1619,"S","S"
1620,"T","T"
1621,"A","A"
1622,"B","B"
1623,"C","C"
1624,"D","D"
1625,"E","E"
1626,"F","F"
1627,"G","G"
1628,"H","H"
1629,"I","I"
1630,"J","J"
1631,"K","K"
1632,"L","L"
1633,"M","M"
1634,"N","N"
1635,"O","O"
1636,"P","P"
1637,"Q","Q"
1638,"R","R"
1639,"S","S"
1640,"T","T"
1641,"A","A"
1642,"B","B"
1643,"C","C"
1644,"D","D"
1645,"E","E"
1646,"F","F"
1647,"G","G"
1648,"H","H"
1649,"I","I"
1650,"J","J"
1651,"K","K"
1652,"L","L"
1653,"M","M"
1654,"N","N"
1655,"O","O"
1656,"P","P"
1657,"Q","Q"
1658,"R","R"
1659,"S","S"
1660,"T","T"
1661,"A","A"
1662,"B","B"
1663,"C","C"
1664,"D","D"
1665,"E","E"
1666,"F","F"
1667,"G","G"
1668,"H","H"
1669,"I","I"
1670,"J","J"
1671,"K","K"
1672,"L","L"
1673,"M","M"
1674,"N","N"
1675,"O","O"
1676,"P","P"
1677,"Q","Q"
1678,"R","R"
1679,"S","S"
1680,"T","T"
1681,"A","A"
1682,"B","B"
1683,"C","C"
1684,"D","D"
1685,"E","E"
1686,"F","F"
1687,"G","G"
1688,"H","H"
1689,"I","I"
1690,"J","J"
1691,"K","K"
1692,"L","L"
1693,"M","M"
1694,"N","N"
1695,"O","O"
1696,"P","P"
1697,"Q","Q"
1698,"R","R"
1699,"S","S"
1700,"T","T"
1701,"A","A"
1702,"B","B"
1703,"C","C"
1704,"D","D"
1705,"E","E"
1706,"F","F"
1707,"G","G"
1708,"H","H"
1709,"I","I"
1710,"J","J"
1711,"K","K"
1712,"L","L"
1713,"M","M"
1714,"N","N"
1715,"O","O"
1716,"P","P"
1717,"Q","Q"
1718,"R","R"
1719,"S","S"
1720,"T","T"
1721,"A","A"
1722,"B","B"
1723,"C","C"
1724,"D","D"
1725,"E","E"
1726,"F","F"
1727,"G","G"
1728,"H","H"
1729,"I","I"
1730,"J","J"
1731,"K","K"
1732,"L","L"
1733,"M","M"
1734,"N","N"
1735,"O","O"
1736,"P","P"
1737,"Q","Q"
1738,"R","R"
1739,"S","S"
1740,"T","T"
1741,"A","A"
1742,"B","B"
1743,"C","C"
1744,"D","D"
1745,"E","E"
1746,"F","F"
1747,"G","G"
1748,"H","H"
1749,"I","I"
1750,"J","J"
1751,"K","K"
1752,"L","L"
1753,"M","M"
1754,"N","N"
1755,"O","O"
1756,"P","P"
1757,"Q","Q"
1758,"R","R"
1759,"S","S"
1760,"T","T"
1761,"A","A"
1762,"B","B"
1763,"C","C"
1764,"D","D"
1765,"E","E"
1766,"F","F"
1767,"G","G"
1768,"H","H"
1769,"I","I"
1770,"J","J"
1771,"K","K"
1772,"L","L"
1773,"M","M"
1774,"N","N"
1775,"O","O"
1776,"P","P"
1777,"Q","Q"
1778,"R","R"
1779,"S","S"
1780,"T","T"
1781,"A","A"
1782,"B","B"
1783,"C","C"
1784,"D","D"
1785,"E","E"
1786,"F","F"
1787,"G","G"
1788,"H","H"
1789,"I","I"
1790,"J","J"
1791,"K","K"
1792,"L","L"
1793,"M","M"
1794,"N","N"
1795,"O","O"
1796,"P","P"
1797,"Q","Q"
1798,"R","R"
1799,"S","S"
1800,"T","T"
1801,"A","A"
1802,"B","B"
1803,"C","C"
1804,"D","D"
1805,"E","E"
1806,"F","F"
1807,"G","G"
1808,"H","H"
1809,"I","I"
1810,"J","J"
1811,"K","K"
1812,"L","L"
1813,"M","M"
1814,"N","N"
1815,"O","O"
1816,"P","P"
1817,"Q","Q"
1818,"R","R"
1819,"S","S"
1820,"T","T"
1821,"A","A"
1822,"B","B"
1823,"C","C"
1824,"D","D"
1825,"E","E"
1826,"F","F"
1827,"G","G"
1828,"H","H"
1829,"I","I"
1830,"J","J"
1831,"K","K"
1832,"L","L"
1833,"M","M"
1834,"N","N"
1835,"O","O"
1836,"P","P"
1837,"Q","Q"
1838,"R","R"
1839,"S","S"
1840,"T","T"
1841,"A","A"
1842,"B","B"
1843,"C","C"
1844,"D","D"
1845,"E","E"
1846,"F","F"
1847,"G","G"
1848,"H","H"
1849,"I","I"
1850,"J","J"
1851,"K","K"
1852,"L","L"
1853,"M","M"
1854,"N","N"
1855,"O","O"
1856,"P","P"
1857,"Q","Q"
1858,"R","R"
1859,"S","S"
1860,"T","T"
1861,"A","A"
1862,"B","B"
1863,"C","C"
1864,"D","D"
1865,"E","E"
1866,"F","F"
1867,"G","G"
1868,"H","H"
1869,"I","I"
1870,"J","J"
1871,"K","K"
1872,"L","L"
1873,"M","M"
1874,"N","N"
1875,"O","O"
1876,"P","P"
1877,"Q","Q"
1878,"R","R"
1879,"S","S"
1880,"T","T"
1881,"A","A"
1882,"B","B"
1883,"C","C"
1884,"D","D"
1885,"E","E"
1886,"F","F"
1887,"G","G"
1888,"H","H"
1889,"I","I"
1890,"J","J"
1891,"K","K"
1892,"L","L"
1893,"M","M"
1894,"N","N"
1895,"O","O"
1896,"P","P"
1897,"Q","Q"
1898,"R","R"
1899,"S","S"
1900,"T","T"
1901,"A","A"
1902,"B","B"
1903,"C","C"
1904,"D","D"
1905,"E","E"
1906,"F","F"
1907,"G","G"
1908,"H","H"
1909,"I","I"
1910,"J","J"
1911,"K","K"
1912,"L","L"
1913,"M","M"
1914,"N","N"
1915,"O","O"
1916,"P","P"
1917,"Q","Q"
1918,"R","R"
1919,"S","S"
1920,"T","T"
1921,"A","A"
1922,"B","B"
1923,"C","C"
1924,"D","D"
1925,"E","E"
1926,"F","F"
1927,"G","G"
1928,"H","H"
1929,"I","I"
1930,"J","J"
1931,"K","K"
1932,"L","L"
1933,"M","M"
1934,"N","N"
1935,"O","O"
1936,"P","P"
1937,"Q","Q"
1938,"R","R"
1939,"S","S"
1940,"T","T"
1941,"A","A"
1942,"B","B"
1943,"C","C"
1944,"D","D"
1945,"E","E"
1946,"F","F"
1947,"G","G"
1948,"H","H"
1949,"I","I"
1950,"J","J"
1951,"K","K"
1952,"L","L"
1953,"M","M"
1954,"N","N"
1955,"O","O"
1956,"P","P"
1957,"Q","Q"
1958,"R","R"
1959,"S","S"
1960,"T","T"
1961,"A","A"
1962,"B","B"
1963,"C","C"
1964,"D","D"
1965,"E","E"
1966,"F","F"
1967,"G","G"
1968,"H","H"
1969,"I","I"
1970,"J","J"
1971,"K","K"
1972,"L","L"
1973,"M","M"
1974,"N","N"
1975,"O","O"
1976,"P","P"
1977,"Q","Q"
1978,"R","R"
1979,"S","S"
1980,"T","T"
1981,"A","A"
1982,"B","B"
1983,"C","C"
1984,"D","D"
1985,"E","E"
1986,"F","F"
1987,"G","G"
1988,"H","H"
1989,"I","I"
1990,"J","J"
1991,"K","K"
1992,"L","L"
1993,"M","M"
1994,"N","N"
1995,"O","O"
1996,"P","P"
1997,"Q","Q"
1998,"R","R"
1999,"S","S"
2000,"T","T"
2001,"A","A"
2002,"B","B"
2003,"C","C"
2004,"D","D"
2005,"E","E"
2006,"F","F"
2007,"G","G"
2008,"H","H"
2009,"I","I"
2010,"J","J"
2011,"K","K"
2012,"L","L"
2013,"M","M"
2014,"N","N"
2015,"O","O"
2016,"P","P"
2017,"Q","Q"
2018,"R","R"
2019,"S","S"
2020,"T","T"
2021,"A","A"
2022,"B","B"
2023,"C","C"
2024,"D","D"
2025,"E","E"
2026,"F","F"
2027,"G","G"
2028,"H","H"
2029,"I","I"
2030,"J","J"
2031,"K","K"
2032,"L","L"
2033,"M","M"
2034,"N","N"
2035,"O","O"
2036,"P","P"
2037,"Q","Q"
2038,"R","R"
2039,"S","S"
2040,"T","T"
2041,"A","A"
2042,"B","B"
2043,"C","C"
2044,"D","D"
2045,"E","E"
2046,"F","F"
2047,"G","G"
2048,"H","H"
2049,"I","I"
2050,"J","J"
2051,"K","K"
2052,"L","L"
2053,"M","M"
2054,"N","N"
2055,"O","O"
2056,"P","P"
2057,"Q","Q"
2058,"R","R"
2059,"S","S"
2060,"T","T"
2061,"A","A"
2062,"B","B"
2063,"C","C"
2064,"D","D"
2065,"E","E"
2066,"F","F"
2067,"G","G"
2068,"H","H"
2069,"I","I"
2070,"J","J"
2071,"K","K"
2072,"L","L"
2073,"M","M"
2074,"N","N"
2075,"O","O"
2076,"P","P"
2077,"Q","Q"
2078,"R","R"
2079,"S","S"
2080,"T","T"
2081,"A","A"
2082,"B","B"
2083,"C","C"
2084,"D","D"
2085,"E","E"
2086,"F","F"
2087,"G","G"
2088,"H","H"
2089,"I","I"
2090,"J","J"
2091,"K","K"
2092,"L","L"
2093,"M","M"
2094,"N","N"
2095,"O","O"
2096,"P","P"
2097,"Q","Q"
2098,"R","R"
2099,"S","S"
2100,"T","T"
2101,"A","A"
2102,"B","B"
2103,"C","C"
2104,"D","D"
2105,"E","E"
2106,"F","F"
2107,"G","G"
2108,"H","H"
2109,"I","I"
2110,"J","J"
2111,"K","K"
2112,"L","L"
2113,"M","M"
2114,"N","N"
2115,"O","O"
2116,"P","P"
2117,"Q","Q"
2118,"R","R"
2119,"S","S"
2120,"T","T"
2121,"A","A"
2122,"B","B"
2123,"C","C"
2124,"D","D"
2125,"E","E"
2126,"F","F"
2127,"G","G"
2128,"H","H"
2129,"I","I"
2130,"J","J"
2131,"K","K"
2132,"L","L"
2133,"M","M"
2134,"N","N"
2135,"O","O"
2136,"P","P"
2137,"Q","Q"
2138,"R","R"
2139,"S","S"
2140,"T","T"
2141,"A","A"
2142,"B","B"
2143,"C","C"
2144,"D","D"
2145,"E","E"
2146,"F","F"
2147,"G","G"
2148,"H","H"
2149,"I","I"
2150,"J","J"
2151,"K","K"
2152,"L","L"
2153,"M","M"
2154,"N","N"
2155,"O","O"
2156,"P","P"
2157,"Q","Q"
2158,"R","R"
2159,"S","S"
2160,"T","T"
2161,"A","A"
2162,"B","B"
2163,"C","C"
2164,"D","D"
2165,"E","E"
2166,"F","F"
2167,"G","G"
2168,"H","H"
2169,"I","I"
2170,"J","J"
2171,"K","K"
2172,"L","L"
2173,"M","M"
2174,"N","N"
2175,"O","O"
2176,"P","P"
2177,"Q","Q"
2178,"R","R"
2179,"S","S"
2180,"T","T"
2181,"A","A"
2182,"B","B"
2183,"C","C"
2184,"D","D"
2185,"E","E"
2186,"F","F"
2187,"G","G"
2188,"H","H"
2189,"I","I"
2190,"J","J"
2191,"K","K"
2192,"L","L"
2193,"M","M"
2194,"N","N"
2195,"O","O"
2196,"P","P"
2197,"Q","Q"
2198,"R","R"
2199,"S","S"
2200,"T","T"
2201,"A","A"
2202,"B","B"
2203,"C","C"
2204,"D","D"
2205,"E","E"
2206,"F","F"
2207,"G","G"
2208,"H","H"
2209,"I","I"
2210,"J","J"
2211,"K","K"
2212,"L","L"
2213,"M","M"
2214,"N","N"
2215,"O","O"
2216,"P","P"
2217,"Q","Q"
2218,"R","R"
2219,"S","S"
2220,"T","T"
2221,"A","A"
2222,"B","B"
2223,"C","C"
2224,"D","D"
2225,"E","E"
2226,"F","F"
2227,"G","G"
2228,"H","H"
2229,"I","I"
2230,"J","J"
2231,"K","K"
2232,"L","L"
2233,"M","M"
2234,"N","N"
2235,"O","O"
2236,"P","P"
2237,"Q","Q"
2238,"R","R"
2239,"S","S"
2240,"T","T"
2241,"A","A"
2242,"B","B"
2243,"C","C"
2244,"D","D"
2245,"E","E"
2246,"F","F"
2247,"G","G"
2248,"H","H"
2249,"I","I"
2250,"J","J"
2251,"K","K"
2252,"L","L"
2253,"M","M"
2254,"N","N"
2255,"O","O"
2256,"P","P"
2257,"Q","Q"
2258,"R","R"
2259,"S","S"
2260,"T","T"
2261,"A","A"
2262,"B","B"
2263,"C","C"
2264,"D","D"
2265,"E","E"
2266,"F","F"
2267,"G","G"
2268,"H","H"
2269,"I","I"
2270,"J","J"
2271,"K","K"
2272,"L","L"
2273,"M","M"
2274,"N","N"
2275,"O","O"
2276,"P","P"
2277,"Q","Q"
2278,"R","R"
2279,"S","S"
2280,"T","T"
2281,"A","A"
2282,"B","B"
2283,"C","C"
2284,"D","D"
2285,"E","E"
2286,"F","F"
2287,"G","G"
2288,"H","H"
2289,"I","I"
2290,"J","J"
2291,"K","K"
2292,"L","L"
2293,"M","M"
2294,"N","N"
2295,"O","O"
2296,"P","P"
2297,"Q","Q"
2298,"R","R"
2299,"S","S"
2300,"T","T"
2301,"A","A"
2302,"B","B"
2303,"C","C"
2304,"D","D"
2305,"E","E"
2306,"F","F"
2307,"G","G"
2308,"H","H"
2309,"I","I"
2310,"J","J"
2311,"K","K"
2312,"L","L"
2313,"M","M"
2314,"N","N"
2315,"O","O"
2316,"P","P"
2317,"Q","Q"
2318,"R","R"
2319,"S","S"
2320,"T","T"
2321,"A","A"
2322,"B","B"
2323,"C","C"
2324,"D","D"
2325,"E","E"
2326,"F","F"
2327,"G","G"
2328,"H","H"
2329,"I","I"
2330,"J","J"
2331,"K","K"
2332,"L","L"
2333,"M","M"
2334,"N","N"
2335,"O","O"
2336,"P","P"
2337,"Q","Q"
2338,"R","R"
2339,"S","S"
2340,"T","T"
2341,"A","A"
2342,"B","B"
2343,"C","C"
2344,"D","D"
2345,"E","E"
2346,"F","F"
2347,"G","G"
2348,"H","H"
2349,"I","I"
2350,"J","J"
2351,"K","K"
2352,"L","L"
2353,"M","M"
2354,"N","N"
2355,"O","O"
2356,"P","P"
2357,"Q","Q"
2358,"R","R"
2359,"S","S"
2360,"T","T"
2361,"A","A"
2362,"B","B"
2363,"C","C"
2364,"D","D"
2365,"E","E"
2366,"F","F"
2367,"G","G"
2368,"H","H"
2369,"I","I"
2370,"J","J"
2371,"K","K"
2372,"L","L"
2373,"M","M"
2374,"N","N"
2375,"O","O"
2376,"P","P"
2377,"Q","Q"
2378,"R","R"
2379,"S","S"
2380,"T","T"
2381,"A","A"
2382,"B","B"
2383,"C","C"
2384,"D","D"
2385,"E","E"
2386,"F","F"
2387,"G","G"
2388,"H","H"
2389,"I","I"
2390,"J","J"
2391,"K","K"
2392,"L","L"
2393,"M","M"
2394,"N","N"
2395,"O","O"
2396,"P","P"
2397,"Q","Q"
2398,"R","R"
2399,"S","S"
2400,"T","T"
2401,"A","A"
2402,"B","B"
2403,"C","C"
2404,"D","D"
2405,"E","E"
2406,"F","F"
2407,"G","G"
2408,"H","H"
2409,"I","I"
2410,"J","J"
2411,"K","K"
2412,"L","L"
2413,"M","M"
2414,"N","N"
2415,"O","O"
2416,"P","P"
2417,"Q","Q"
2418,"R","R"
2419,"S","S"
2420,"T","T"
2421,"A","A"
2422,"B","B"
2423,"C","C"
2424,"D","D"
2425,"E","E"
2426,"F","F"
2427,"G","G"
2428,"H","H"
2429,"I","I"
2430,"J","J"
2431,"K","K"
2432,"L","L"
2433,"M","M"
2434,"N","N"
2435,"O","O"
2436,"P","P"
2437,"Q","Q"
2438,"R","R"
2439,"S","S"
2440,"T","T"
2441,"A","A"
2442,"B","B"
2443,"C","C"
2444,"D","D"
2445,"E","E"
2446,"F","F"
2447,"G","G"
2448,"H","H"
2449,"I","I"
2450,"J","J"
2451,"K","K"
2452,"L","L"
2453,"M","M"
2454,"N","N"
2455,"O","O"
2456,"P","P"
2457,"Q","Q"
2458,"R","R"
2459,"S","S"
2460,"T","T"
2461,"A","A"
2462,"B","B"
2463,"C","C"
2464,"D","D"
2465,"E","E"
2466,"F","F"
2467,"G","G"
2468,"H","H"
2469,"I","I"
2470,"J","J"
2471,"K","K"
2472,"L","L"
2473,"M","M"
2474,"N","N"
2475,"O","O"
2476,"P","P"
2477,"Q","Q"
2478,"R","R"
2479,"S","S"
2480,"T","T"
2481,"A","A"
2482,"B","B"
2483,"C","C"
2484,"D","D"
2485,"E","E"
2486,"F","F"
2487,"G","G"
2488,"H","H"
2489,"I","I"
2490,"J","J"
2491,"K","K"
2492,"L","L"
2493,"M","M"
2494,"N","N"
2495,"O","O"
2496,"P","P"
2497,"Q","Q"
2498,"R","R"
2499,"S","S"
2500,"T","T"
2501,"A","A"
2502,"B","B"
2503,"C","C"
2504,"D","D"
2505,"E","E"
2506,"F","F"
2507,"G","G"
2508,"H","H"
2509,"I","I"
2510,"J","J"
2511,"K","K"
2512,"L","L"
2513,"M","M"
2514,"N","N"
2515,"O","O"
2516,"P","P"
2517,"Q","Q"
2518,"R","R"
2519,"S","S"
2520,"T","T"
2521,"A","A"
2522,"B","B"
2523,"C","C"
2524,"D","D"
2525,"E","E"
2526,"F","F"
2527,"G","G"
2528,"H","H"
2529,"I","I"
2530,"J","J"
2531,"K","K"
2532,"L","L"
2533,"M","M"
2534,"N","N"
2535,"O","O"
2536,"P","P"
2537,"Q","Q"
2538,"R","R"
2539,"S","S"
2540,"T","T"
2541,"A","A"
2542,"B","B"
2543,"C","C"
2544,"D","D"
2545,"E","E"
2546,"F","F"
2547,"G","G"
2548,"H","H"
2549,"I","I"
2550,"J","J"
2551,"K","K"
2552,"L","L"
2553,"M","M"
2554,"N","N"
2555,"O","O"
2556,"P","P"
2557,"Q","Q"
2558,"R","R"
2559,"S","S"
2560,"T","T"
2561,"A","A"
2562,"B","B"
2563,"C","C"
2564,"D","D"
2565,"E","E"
2566,"F","F"
2567,"G","G"
2568,"H","H"
2569,"I","I"
2570,"J","J"
2571,"K","K"
2572,"L","L"
2573,"M","M"
2574,"N","N"
2575,"O","O"
2576,"P","P"
2577,"Q","Q"
2578,"R","R"
2579,"S","S"
2580,"T","T"
2581,"A","A"
2582,"B","B"
2583,"C","C"
2584,"D","D"
2585,"E","E"
2586,"F","F"
2587,"G","G"
2588,"H","H"
2589,"I","I"
2590,"J","J"
2591,"K","K"
2592,"L","L"
2593,"M","M"
2594,"N","N"
2595,"O","O"
2596,"P","P"
2597,"Q","Q"
2598,"R","R"
2599,"S","S"
2600,"T","T"
2601,"A","A"
2602,"B","B"
2603,"C","C"
2604,"D","D"
2605,"E","E"
2606,"F","F"
2607,"G","G"
2608,"H","H"
2609,"I","I"
2610,"J","J"
2611,"K","K"
2612,"L","L"
2613,"M","M"
2614,"N","N"
2615,"O","O"
2616,"P","P"
2617,"Q","Q"
2618,"R","R"
2619,"S","S"
2620,"T","T"
2621,"A","A"
2622,"B","B"
2623,"C","C"
2624,"D","D"
2625,"E","E"
2626,"F","F"
2627,"G","G"
2628,"H","H"
2629,"I","I"
2630,"J","J"
2631,"K","K"
2632,"L","L"
2633,"M","M"
2634,"N","N"
2635,"O","O"
2636,"P","P"
2637,"Q","Q"
2638,"R","R"
2639,"S","S"
2640,"T","T"
2641,"A","A"
2642,"B","B"
2643,"C","C"
2644,"D","D"
2645,"E","E"
2646,"F","F"
2647,"G","G"
2648,"H","H"
2649,"I","I"
2650,"J","J"
2651,"K","K"
2652,"L","L"
2653,"M","M"
2654,"N","N"
2655,"O","O"
2656,"P","P"
2657,"Q","Q"
2658,"R","R"
2659,"S","S"
2660,"T","T"
2661,"A","A"
2662,"B","B"
2663,"C","C"
2664,"D","D"
2665,"E","E"
2666,"F","F"
2667,"G","G"
2668,"H","H"
2669,"I","I"
2670,"J","J"
2671,"K","K"
2672,"L","L"
2673,"M","M"
2674,"N","N"
2675,"O","O"
2676,"P","P"
2677,"Q","Q"
2678,"R","R"
2679,"S","S"
2680,"T","T"
2681,"A","A"
2682,"B","B"
2683,"C","C"
2684,"D","D"
2685,"E","E"
2686,"F","F"
2687,"G","G"
2688,"H","H"
2689,"I","I"
2690,"J","J"
2691,"K","K"
2692,"L","L"
2693,"M","M"
2694,"N","N"
2695,"O","O"
2696,"P","P"
2697,"Q","Q"
2698,"R","R"
2699,"S","S"
2700,"T","T"
2701,"A","A"
2702,"B","B"
2703,"C","C"
2704,"D","D"
2705,"E","E"
2706,"F","F"
2707,"G","G"
2708,"H","H"
2709,"I","I"
2710,"J","J"
2711,"K","K"
2712,"L","L"
2713,"M","M"
2714,"N","N"
2715,"O","O"
2716,"P","P"
2717,"Q","Q"
2718,"R","R"
2719,"S","S"
2720,"T","T"
2721,"A","A"
2722,"B","B"
2723,"C","C"
2724,"D","D"
2725,"E","E"
2726,"F","F"
2727,"G","G"
2728,"H","H"
2729,"I","I"
2730,"J","J"
2731,"K","K"
2732,"L","L"
2733,"M","M"
2734,"N","N"
2735,"O","O"
2736,"P","P"
2737,"Q","Q"
2738,"R","R"
2739,"S","S"
2740,"T","T"
2741,"A","A"
2742,"B","B"
2743,"C","C"
2744,"D","D"
2745,"E","E"
2746,"F","F"
2747,"G","G"
2748,"H","H"
2749,"I","I"
2750,"J","J"
2751,"K","K"
2752,"L","L"
2753,"M","M"
2754,"N","N"
2755,"O","O"
2756,"P","P"
2757,"Q","Q"
2758,"R","R"
2759,"S","S"
2760,"T","T"
2761,"A","A"
2762,"B","B"
2763,"C","C"
2764,"D","D"
2765,"E","E"
2766,"F","F"
2767,"G","G"
2768,"H","H"
2769,"I","I"
2770,"J","J"
2771,"K","K"
2772,"L","L"
2773,"M","M"
2774,"N","N"
2775,"O","O"
2776,"P","P"
2777,"Q","Q"
2778,"R","R"
2779,"S","S"
2780,"T","T"
2781,"A","A"
2782,"B","B"
2783,"C","C"
2784,"D","D"
2785,"E","E"
2786,"F","F"
2787,"G","G"
2788,"H","H"
2789,"I","I"
2790,"J","J"
2791,"K","K"
2792,"L","L"
2793,"M","M"
2794,"N","N"
2795,"O","O"
2796,"P","P"
2797,"Q","Q"
2798,"R","R"
2799,"S","S"
2800,"T","T"
2801,"A","A"
2802,"B","B"
2803,"C","C"
2804,"D","D"
2805,"E","E"
2806,"F","F"
2807,"G","G"
2808,"H","H"
2809,"I","I"
2810,"J","J"
2811,"K","K"
2812,"L","L"
2813,"M","M"
2814,"N","N"
2815,"O","O"
2816,"P","P"
2817,"Q","Q"
2818,"R","R"
2819,"S","S"
2820,"T","T"
2821,"A","A"
2822,"B","B"
2823,"C","C"
2824,"D","D"
2825,"E","E"
2826,"F","F"
2827,"G","G"
2828,"H","H"
2829,"I","I"
2830,"J","J"
2831,"K","K"
2832,"L","L"
2833,"M","M"
2834,"N","N"
2835,"O","O"
2836,"P","P"
2837,"Q","Q"
2838,"R","R"
2839,"S","S"
2840,"T","T"
2841,"A","A"
2842,"B","B"
2843,"C","C"
2844,"D","D"
2845,"E","E"
2846,"F","F"
2847,"G","G"
2848,"H","H"
2849,"I","I"
2850,"J","J"
2851,"K","K"
2852,"L","L"
2853,"M","M"
2854,"N","N"
2855,"O","O"
2856,"P","P"
2857,"Q","Q"
2858,"R","R"
2859,"S","S"
2860,"T","T"
2861,"A","A"
2862,"B","B"
2863,"C","C"
2864,"D","D"
2865,"E","E"
2866,"F","F"
2867,"G","G"
2868,"H","H"
2869,"I","I"
2870,"J","J"
2871,"K","K"
2872,"L","L"
2873,"M","M"
2874,"N","N"
2875,"O","O"
2876,"P","P"
2877,"Q","Q"
2878,"R","R"
2879,"S","S"
2880,"T","T"
2881,"A","A"
2882,"B","B"
2883,"C","C"
2884,"D","D"
2885,"E","E"
2886,"F","F"
2887,"G","G"
2888,"H","H"
2889,"I","I"
2890,"J","J"
2891,"K","K"
2892,"L","L"
2893,"M","M"
2894,"N","N"
2895,"O","O"
2896,"P","P"
2897,"Q","Q"
2898,"R","R"
2899,"S","S"
2900,"T","T"
2901,"A","A"
2902,"B","B"
2903,"C","C"
2904,"D","D"
2905,"E","E"
2906,"F","F"
2907,"G","G"
2908,"H","H"
2909,"I","I"
2910,"J","J"
2911,"K","K"
2912,"L","L"
2913,"M","M"
2914,"N","N"
2915,"O","O"
2916,"P","P"
2917,"Q","Q"
2918,"R","R"
2919,"S","S"
2920,"T","T"
2921,"A","A"
2922,"B","B"
2923,"C","C"
2924,"D","D"
2925,"E","E"
2926,"F","F"
2927,"G","G"
2928,"H","H"
2929,"I","I"
2930,"J","J"
2931,"K","K"
2932,"L","L"
2933,"M","M"
2934,"N","N"
2935,"O","O"
2936,"P","P"
2937,"Q","Q"
2938,"R","R"
2939,"S","S"
2940,"T","T"
2941,"A","A"
2942,"B","B"
2943,"C","C"
2944,"D","D"
2945,"E","E"
2946,"F","F"
2947,"G","G"
2948,"H","H"
2949,"I","I"
2950,"J","J"
2951,"K","K"
2952,"L","L"
2953,"M","M"
2954,"N","N"
2955,"O","O"
2956,"P","P"
2957,"Q","Q"
2958,"R","R"
2959,"S","S"
2960,"T","T"
2961,"A","A"
2962,"B","B"
2963,"C","C"
2964,"D","D"
2965,"E","E"
2966,"F","F"
2967,"G","G"
2968,"H","H"
2969,"I","I"
2970,"J","J"
2971,"K","K"
2972,"L","L"
2973,"M","M"
2974,"N","N"
2975,"O","O"
2976,"P","P"
2977,"Q","Q"
2978,"R","R"
2979,"S","S"
2980,"T","T"
2981,"A","A"
2982,"B","B"
2983,"C","C"
2984,"D","D"
2985,"E","E"
2986,"F","F"
2987,"G","G"
2988,"H","H"
2989,"I","I"
2990,"J","J"
2991,"K","K"
2992,"L","L"
2993,"M","M"
2994,"N","N"
2995,"O","O"
2996,"P","P"
2997,"Q","Q"
2998,"R","R"
2999,"S","S"
3000,"T","T"
3001,"A","A"
3002,"B","B"
3003,"C","C"
3004,"D","D"
3005,"E","E"
3006,"F","F"
3007,"G","G"
3008,"H","H"
3009,"I","I"
3010,"J","J"
3011,"K","K"
3012,"L","L"
3013,"M","M"
3014,"N","N"
3015,"O","O"
3016,"P","P"
3017,"Q","Q"
3018,"R","R"
3019,"S","S"
3020,"T","T"
3021,"A","A"
3022,"B","B"
3023,"C","C"
3024,"D","D"
3025,"E","E"
3026,"F","F"
3027,"G","G"
3028,"H","H"
3029,"I","I"
3030,"J","J"
3031,"K","K"
3032,"L","L"
3033,"M","M"
3034,"N","N"
3035,"O","O"
3036,"P","P"
3037,"Q","Q"
3038,"R","R"
3039,"S","S"
3040,"T","T"
3041,"A","A"
3042,"B","B"
3043,"C","C"
3044,"D","D"
3045,"E","E"
3046,"F","F"
3047,"G","G"
3048,"H","H"
3049,"I","I"
3050,"J","J"
3051,"K","K"
3052,"L","L"
3053,"M","M"
3054,"N","N"
3055,"O","O"
3056,"P","P"
3057,"Q","Q"
3058,"R","R"
3059,"S","S"
3060,"T","T"
3061,"A","A"
3062,"B","B"
3063,"C","C"
3064,"D","D"
3065,"E","E"
3066,"F","F"
3067,"G","G"
3068,"H","H"
3069,"I","I"
3070,"J","J"
3071,"K","K"
3072,"L","L"
3073,"M","M"
3074,"N","N"
3075,"O","O"
3076,"P","P"
3077,"Q","Q"
3078,"R","R"
3079,"S","S"
3080,"T","T"
3081,"A","A"
3082,"B","B"
3083,"C","C"
3084,"D","D"
3085,"E","E"
3086,"F","F"
3087,"G","G"
3088,"H","H"
3089,"I","I"
3090,"J","J"
3091,"K","K"
3092,"L","L"
3093,"M","M"
3094,"N","N"
3095,"O","O"
3096,"P","P"
3097,"Q","Q"
3098,"R","R"
3099,"S","S"
3100,"T","T"
3101,"A","A"
3102,"B","B"
3103,"C","C"
3104,"D","D"
3105,"E","E"
3106,"F","F"
3107,"G","G"
3108,"H","H"
3109,"I","I"
3110,"J","J"
3111,"K","K"
3112,"L","L"
3113,"M","M"
3114,"N","N"
3115,"O","O"
3116,"P","P"
3117,"Q","Q"
3118,"R","R"
3119,"S","S"
3120,"T","T"
3121,"A","A"
3122,"B","B"
3123,"C","C"
3124,"D","D"
3125,"E","E"
3126,"F","F"
3127,"G","G"
3128,"H","H"
3129,"I","I"
3130,"J","J"
3131,"K","K"
3132,"L","L"
3133,"M","M"
3134,"N","N"
3135,"O","O"
3136,"P","P"
3137,"Q","Q"
3138,"R","R"
3139,"S","S"
3140,"T","T"
3141,"A","A"
3142,"B","B"
3143,"C","C"
3144,"D","D"
3145,"E","E"
3146,"F","F"
3147,"G","G"
3148,"H","H"
3149,"I","I"
3150,"J","J"
3151,"K","K"
3152,"L","L"
3153,"M","M"
3154,"N","N"
3155,"O","O"
3156,"P","P"
3157,"Q","Q"
3158,"R","R"
3159,"S","S"
3160,"T","T"
3161,"A","A"
3162,"B","B"
3163,"C","C"
3164,"D","D"
3165,"E","E"
3166,"F","F"
3167,"G","G"
3168,"H","H"
3169,"I","I"
3170,"J","J"
3171,"K","K"
3172,"L","L"
3173,"M","M"
3174,"N","N"
3175,"O","O"
3176,"P","P"
3177,"Q","Q"
3178,"R","R"
3179,"S","S"
3180,"T","T"
3181,"A","A"
3182,"B","B"
3183,"C","C"
3184,"D","D"
3185,"E","E"
3186,"F","F"
3187,"G","G"
3188,"H","H"
3189,"I","I"
3190,"J","J"
3191,"K","K"
3192,"L","L"
3193,"M","M"
3194,"N","N"
3195,"O","O"
3196,"P","P"
3197,"Q","Q"
3198,"R","R"
3199,"S","S"
3200,"T","T"
3201,"A","A"
3202,"B","B"
3203,"C","C"
3204,"D","D"
3205,"E","E"
3206,"F","F"
3207,"G","G"
3208,"H","H"
3209,"I","I"
3210,"J","J"
3211,"K","K"
3212,"L","L"
3213,"M","M"
3214,"N","N"
3215,"O","O"
3216,"P","P"
3217,"Q","Q"
3218,"R","R"
3219,"S","S"
3220,"T","T"
3221,"A","A"
3222,"B","B"
3223,"C","C"
3224,"D","D"
3225,"E","E"
3226,"F","F"
3227,"G","G"
3228,"H","H"
3229,"I","I"
3230,"J","J"
3231,"K","K"
3232,"L","L"
3233,"M","M"
3234,"N","N"
3235,"O","O"
3236,"P","P"
3237,"Q","Q"
3238,"R","R"
3239,"S","S"
3240,"T","T"
3241,"A","A"
3242,"B","B"
3243,"C","C"
3244,"D","D"
3245,"E","E"
3246,"F","F"
3247,"G","G"
3248,"H","H"
3249,"I","I"
3250,"J","J"
3251,"K","K"
3252,"L","L"
3253,"M","M"
3254,"N","N"
3255,"O","O"
3256,"P","P"
3257,"Q","Q"
3258,"R","R"
3259,"S","S"
3260,"T","T"
3261,"A","A"
3262,"B","B"
3263,"C","C"
3264,"D","D"
3265,"E","E"
3266,"F","F"
3267,"G","G"
3268,"H","H"
3269,"I","I"
3270,"J","J"
3271,"K","K"
3272,"L","L"
3273,"M","M"
3274,"N","N"
3275,"O","O"
3276,"P","P"
3277,"Q","Q"
3278,"R","R"
3279,"S","S"
3280,"T","T"
3281,"A","A"
3282,"B","B"
3283,"C","C"
3284,"D","D"
3285,"E","E"
3286,"F","F"
3287,"G","G"
3288,"H","H"
3289,"I","I"
3290,"J","J"
3291,"K","K"
3292,"L","L"
3293,"M","M"
3294,"N","N"
3295,"O","O"
3296,"P","P"
3297,"Q","Q"
3298,"R","R"
3299,"S","S"
3300,"T","T"
3301,"A","A"
3302,"B","B"
3303,"C","C"
3304,"D","D"
3305,"E","E"
3306,"F","F"
3307,"G","G"
3308,"H","H"
3309,"I","I"
3310,"J","J"
3311,"K","K"
3312,"L","L"
3313,"M","M"
3314,"N","N"
3315,"O","O"
3316,"P","P"
3317,"Q","Q"
3318,"R","R"
3319,"S","S"
3320,"T","T"
3321,"A","A"
3322,"B","B"
3323,"C","C"
3324,"D","D"
3325,"E","E"
3326,"F","F"
3327,"G","G"
3328,"H","H"
3329,"I","I"
3330,"J","J"
3331,"K","K"
3332,"L","L"
3333,"M","M"
3334,"N","N"
3335,"O","O"
3336,"P","P"
3337,"Q","Q"
3338,"R","R"
3339,"S","S"
3340,"T","T"
3341,"A","A"
3342,"B","B"
3343,"C","C"
3344,"D","D"
3345,"E","E"
3346,"F","F"
3347,"G","G"
3348,"H","H"
3349,"I","I"
3350,"J","J"
3351,"K","K"
3352,"L","L"
3353,"M","M"
3354,"N","N"
3355,"O","O"
3356,"P","P"
3357,"Q","Q"
3358,"R","R"
3359,"S","S"
3360,"T","T"
3361,"A","A"
3362,"B","B"
3363,"C","C"
3364,"D","D"
3365,"E","E"
3366,"F","F"
3367,"G","G"
3368,"H","H"
3369,"I","I"
3370,"J","J"
3371,"K","K"
3372,"L","L"
3373,"M","M"
3374,"N","N"
3375,"O","O"
3376,"P","P"
3377,"Q","Q"
3378,"R","R"
3379,"S","S"
3380,"T","T"
3381,"A","A"
3382,"B","B"
3383,"C","C"
3384,"D","D"
3385,"E","E"
3386,"F","F"
3387,"G","G"
3388,"H","H"
3389,"I","I"
3390,"J","J"
3391,"K","K"
3392,"L","L"
3393,"M","M"
3394,"N","N"
3395,"O","O"
3396,"P","P"
3397,"Q","Q"
3398,"R","R"
3399,"S","S"
3400,"T","T"
3401,"A","A"
3402,"B","B"
3403,"C","C"
3404,"D","D"
3405,"E","E"
3406,"F","F"
3407,"G","G"
3408,"H","H"
3409,"I","I"
3410,"J","J"
3411,"K","K"
3412,"L","L"
3413,"M","M"
3414,"N","N"
3415,"O","O"
3416,"P","P"
3417,"Q","Q"
3418,"R","R"
3419,"S","S"
3420,"T","T"
3421,"A","A"
3422,"B","B"
3423,"C","C"
3424,"D","D"
3425,"E","E"
3426,"F","F"
3427,"G","G"
3428,"H","H"
3429,"I","I"
3430,"J","J"
3431,"K","K"
3432,"L","L"
3433,"M","M"
3434,"N","N"
3435,"O","O"
3436,"P","P"
3437,"Q","Q"
3438,"R","R"
3439,"S","S"
3440,"T","T"
3441,"A","A"
3442,"B","B"
3443,"C","C"
3444,"D","D"
3445,"E","E"
3446,"F","F"
3447,"G","G"
3448,"H","H"
3449,"I","I"
3450,"J","J"
3451,"K","K"
3452,"L","L"
3453,"M","M"
3454,"N","N"
3455,"O","O"
3456,"P","P"
3457,"Q","Q"
3458,"R","R"
3459,"S","S"
3460,"T","T"
3461,"A","A"
3462,"B","B"
3463,"C","C"
3464,"D","D"
3465,"E","E"
3466,"F","F"
3467,"G","G"
3468,"H","H"
3469,"I","I"
3470,"J","J"
3471,"K","K"
3472,"L","L"
3473,"M","M"
3474,"N","N"
3475,"O","O"
3476,"P","P"
3477,"Q","Q"
3478,"R","R"
3479,"S","S"
3480,"T","T"
3481,"A","A"
3482,"B","B"
3483,"C","C"
3484,"D","D"
3485,"E","E"
3486,"F","F"
3487,"G","G"
3488,"H","H"
3489,"I","I"
3490,"J","J"
3491,"K","K"
3492,"L","L"
3493,"M","M"
3494,"N","N"
3495,"O","O"
3496,"P","P"
3497,"Q","Q"
3498,"R","R"
3499,"S","S"
3500,"T","T"
3501,"A","A"
3502,"B","B"
3503,"C","C"
3504,"D","D"
3505,"E","E"
3506,"F","F"
3507,"G","G"
3508,"H","H"
3509,"I","I"
3510,"J","J"
3511,"K","K"
3512,"L","L"
3513,"M","M"
3514,"N","N"
3515,"O","O"
3516,"P","P"
3517,"Q","Q"
3518,"R","R"
3519,"S","S"
3520,"T","T"
3521,"A","A"
3522,"B","B"
3523,"C","C"
3524,"D","D"
3525,"E","E"
3526,"F","F"
3527,"G","G"
3528,"H","H"
3529,"I","I"
3530,"J","J"
3531,"K","K"
3532,"L","L"
3533,"M","M"
3534,"N","N"
3535,"O","O"
3536,"P","P"
3537,"Q","Q"
3538,"R","R"
3539,"S","S"
3540,"T","T"
3541,"A","A"
3542,"B","B"
3543,"C","C"
3544,"D","D"
3545,"E","E"
3546,"F","F"
3547,"G","G"
3548,"H","H"
3549,"I","I"
3550,"J","J"
3551,"K","K"
3552,"L","L"
3553,"M","M"
3554,"N","N"
3555,"O","O"
3556,"P","P"
3557,"Q","Q"
3558,"R","R"
3559,"S","S"
3560,"T","T"
3561,"A","A"
3562,"B","B"
3563,"C","C"
3564,"D","D"
3565,"E","E"
3566,"F","F"
3567,"G","G"
3568,"H","H"
3569,"I","I"
3570,"J","J"
3571,"K","K"
3572,"L","L"
3573,"M","M"
3574,"N","N"
3575,"O","O"
3576,"P","P"
3577,"Q","Q"
3578,"R","R"
3579,"S","S"
3580,"T","T"
3581,"A","A"
3582,"B","B"
3583,"C","C"
3584,"D","D"
3585,"E","E"
3586,"F","F"
3587,"G","G"
3588,"H","H"
3589,"I","I"
3590,"J","J"
3591,"K","K"
3592,"L","L"
3593,"M","M"
3594,"N","N"
3595,"O","O"
3596,"P","P"
3597,"Q","Q"
3598,"R","R"
3599,"S","S"
3600,"T","T"
3601,"A","A"
3602,"B","B"
3603,"C","C"
3604,"D","D"
3605,"E","E"
3606,"F","F"
3607,"G","G"
3608,"H","H"
3609,"I","I"
3610,"J","J"
3611,"K","K"
3612,"L","L"
3613,"M","M"
3614,"N","N"
3615,"O","O"
3616,"P","P"
3617,"Q","Q"
3618,"R","R"
3619,"S","S"
3620,"T","T"
3621,"A","A"
3622,"B","B"
3623,"C","C"
3624,"D","D"
3625,"E","E"
3626,"F","F"
3627,"G","G"
3628,"H","H"
3629,"I","I"
3630,"J","J"
3631,"K","K"
3632,"L","L"
3633,"M","M"
3634,"N","N"
3635,"O","O"
3636,"P","P"
3637,"Q","Q"
3638,"R","R"
3639,"S","S"
3640,"T","T"
3641,"A","A"
3642,"B","B"
3643,"C","C"
3644,"D","D"
3645,"E","E"
3646,"F","F"
3647,"G","G"
3648,"H","H"
3649,"I","I"
3650,"J","J"
3651,"K","K"
3652,"L","L"
3653,"M","M"
3654,"N","N"
3655,"O","O"
3656,"P","P"
3657,"Q","Q"
3658,"R","R"
3659,"S","S"
3660,"T","T"
3661,"A","A"
3662,"B","B"
3663,"C","C"
3664,"D","D"
3665,"E","E"
3666,"F","F"
3667,"G","G"
3668,"H","H"
3669,"I","I"
3670,"J","J"
3671,"K","K"
3672,"L","L"
3673,"M","M"
3674,"N","N"
3675,"O","O"
3676,"P","P"
3677,"Q","Q"
3678,"R","R"
3679,"S","S"
3680,"T","T"
3681,"A","A"
3682,"B","B"
3683,"C","C"
3684,"D","D"
3685,"E","E"
3686,"F","F"
3687,"G","G"
3688,"H","H"
3689,"I","I"
3690,"J","J"
3691,"K","K"
3692,"L","L"
3693,"M","M"
3694,"N","N"
3695,"O","O"
3696,"P","P"
3697,"Q","Q"
3698,"R","R"
3699,"S","S"
3700,"T","T"
3701,"A","A"
3702,"B","B"
3703,"C","C"
3704,"D","D"
3705,"E","E"
3706,"F","F"
3707,"G","G"
3708,"H","H"
3709,"I","I"
3710,"J","J"
3711,"K","K"
3712,"L","L"
3713,"M","M"
3714,"N","N"
3715,"O","O"
3716,"P","P"
3717,"Q","Q"
3718,"R","R"
3719,"S","S"
3720,"T","T"
3721,"A","A"
3722,"B","B"
3723,"C","C"
3724,"D","D"
3725,"E","E"
3726,"F","F"
3727,"G","G"
3728,"H","H"
3729,"I","I"
3730,"J","J"
3731,"K","K"
3732,"L","L"
3733,"M","M"
3734,"N","N"
3735,"O","O"
3736,"P","P"
3737,"Q","Q"
3738,"R","R"
3739,"S","S"
3740,"T","T"
3741,"A","A"
3742,"B","B"
3743,"C","C"
3744,"D","D"
3745,"E","E"
3746,"F","F"
3747,"G","G"
3748,"H","H"
3749,"I","I"
3750,"J","J"
3751,"K","K"
3752,"L","L"
3753,"M","M"
3754,"N","N"
3755,"O","O"
3756,"P","P"
3757,"Q","Q"
3758,"R","R"
3759,"S","S"
3760,"T","T"
3761,"A","A"
3762,"B","B"
3763,"C","C"
3764,"D","D"
3765,"E","E"
3766,"F","F"
3767,"G","G"
3768,"H","H"
3769,"I","I"
3770,"J","J"
3771,"K","K"
3772,"L","L"
3773,"M","M"
3774,"N","N"
3775,"O","O"
3776,"P","P"
3777,"Q","Q"
3778,"R","R"
3779,"S","S"
3780,"T","T"
3781,"A","A"
3782,"B","B"
3783,"C","C"
3784,"D","D"
3785,"E","E"
3786,"F","F"
3787,"G","G"
3788,"H","H"
3789,"I","I"
3790,"J","J"
3791,"K","K"
3792,"L","L"
3793,"M","M"
3794,"N","N"
3795,"O","O"
3796,"P","P"
3797,"Q","Q"
3798,"R","R"
3799,"S","S"
3800,"T","T"
3801,"A","A"
3802,"B","B"
3803,"C","C"
3804,"D","D"
3805,"E","E"
3806,"F","F"
3807,"G","G"
3808,"H","H"
3809,"I","I"
3810,"J","J"
3811,"K","K"
3812,"L","L"
3813,"M","M"
3814,"N","N"
3815,"O","O"
3816,"P","P"
3817,"Q","Q"
3818,"R","R"
3819,"S","S"
3820,"T","T"
3821,"A","A"
3822,"B","B"
3823,"C","C"
3824,"D","D"
3825,"E","E"
3826,"F","F"
3827,"G","G"
3828,"H","H"
3829,"I","I"
3830,"J","J"
3831,"K","K"
3832,"L","L"
3833,"M","M"
3834,"N","N"
3835,"O","O"
3836,"P","P"
3837,"Q","Q"
3838,"R","R"
3839,"S","S"
3840,"T","T"
3841,"A","A"
3842,"B","B"
3843,"C","C"
3844,"D","D"
3845,"E","E"
3846,"F","F"
3847,"G","G"
3848,"H","H"
3849,"I","I"
3850,"J","J"
3851,"K","K"
3852,"L","L"
3853,"M","M"
3854,"N","N"
3855,"O","O"
3856,"P","P"
3857,"Q","Q"
3858,"R","R"
3859,"S","S"
3860,"T","T"
3861,"A","A"
3862,"B","B"
3863,"C","C"
3864,"D","D"
3865,"E","E"
3866,"F","F"
3867,"G","G"
3868,"H","H"
3869,"I","I"
3870,"J","J"
3871,"K","K"
3872,"L","L"
3873,"M","M"
3874,"N","N"
3875,"O","O"
3876,"P","P"
3877,"Q","Q"
3878,"R","R"
3879,"S","S"
3880,"T","T"
3881,"A","A"
3882,"B","B"
3883,"C","C"
3884,"D","D"
3885,"E","E"
3886,"F","F"
3887,"G","G"
3888,"H","H"
3889,"I","I"
3890,"J","J"
3891,"K","K"
3892,"L","L"
3893,"M","M"
3894,"N","N"
3895,"O","O"
3896,"P","P"
3897,"Q","Q"
3898,"R","R"
3899,"S","S"
3900,"T","T"
3901,"A","A"
3902,"B","B"
3903,"C","C"
3904,"D","D"
3905,"E","E"
3906,"F","F"
3907,"G","G"
3908,"H","H"
3909,"I","I"
3910,"J","J"
3911,"K","K"
3912,"L","L"
3913,"M","M"
3914,"N","N"
3915,"O","O"
3916,"P","P"
3917,"Q","Q"
3918,"R","R"
3919,"S","S"
3920,"T","T"
3921,"A","A"
3922,"B","B"
3923,"C","C"
3924,"D","D"
3925,"E","E"
3926,"F","F"
3927,"G","G"
3928,"H","H"
3929,"I","I"
3930,"J","J"
3931,"K","K"
3932,"L","L"
3933,"M","M"
3934,"N","N"
3935,"O","O"
3936,"P","P"
3937,"Q","Q"
3938,"R","R"
3939,"S","S"
3940,"T","T"
3941,"A","A"
3942,"B","B"
3943,"C","C"
3944,"D","D"
3945,"E","E"
3946,"F","F"
3947,"G","G"
3948,"H","H"
3949,"I","I"
3950,"J","J"
3951,"K","K"
3952,"L","L"
3953,"M","M"
3954,"N","N"
3955,"O","O"
3956,"P","P"
3957,"Q","Q"
3958,"R","R"
3959,"S","S"
3960,"T","T"
3961,"A","A"
3962,"B","B"
3963,"C","C"
3964,"D","D"
3965,"E","E"
3966,"F","F"
3967,"G","G"
3968,"H","H"
3969,"I","I"
3970,"J","J"
3971,"K","K"
3972,"L","L"
3973,"M","M"
3974,"N","N"
3975,"O","O"
3976,"P","P"
3977,"Q","Q"
3978,"R","R"
3979,"S","S"
3980,"T","T"
3981,"A","A"
3982,"B","B"
3983,"C","C"
3984,"D","D"
3985,"E","E"
3986,"F","F"
3987,"G","G"
3988,"H","H"
3989,"I","I"
3990,"J","J"
3991,"K","K"
3992,"L","L"
3993,"M","M"
3994,"N","N"
3995,"O","O"
3996,"P","P"
3997,"Q","Q"
3998,"R","R"
3999,"S","S"
4000,"T","T"
4001,"A","A"
4002,"B","B"
4003,"C","C"
4004,"D","D"
4005,"E","E"
4006,"F","F"
4007,"G","G"
4008,"H","H"
4009,"I","I"
4010,"J","J"
4011,"K","K"
4012,"L","L"
4013,"M","M"
4014,"N","N"
4015,"O","O"
4016,"P","P"
4017,"Q","Q"
4018,"R","R"
4019,"S","S"
4020,"T","T"
4021,"A","A"
4022,"B","B"
4023,"C","C"
4024,"D","D"
4025,"E","E"
4026,"F","F"
4027,"G","G"
4028,"H","H"
4029,"I","I"
4030,"J","J"
4031,"K","K"
4032,"L","L"
4033,"M","M"
4034,"N","N"
4035,"O","O"
4036,"P","P"
4037,"Q","Q"
4038,"R","R"
4039,"S","S"
4040,"T","T"
4041,"A","A"
4042,"B","B"
4043,"C","C"
4044,"D","D"
4045,"E","E"
4046,"F","F"
4047,"G","G"
4048,"H","H"
4049,"I","I"
4050,"J","J"
4051,"K","K"
4052,"L","L"
4053,"M","M"
4054,"N","N"
4055,"O","O"
4056,"P","P"
4057,"Q","Q"
4058,"R","R"
4059,"S","S"
4060,"T","T"
4061,"A","A"
4062,"B","B"
4063,"C","C"
4064,"D","D"
4065,"E","E"
4066,"F","F"
4067,"G","G"
4068,"H","H"
4069,"I","I"
4070,"J","J"
4071,"K","K"
4072,"L","L"
4073,"M","M"
4074,"N","N"
4075,"O","O"
4076,"P","P"
4077,"Q","Q"
4078,"R","R"
4079,"S","S"
4080,"T","T"
4081,"A","A"
4082,"B","B"
4083,"C","C"
4084,"D","D"
4085,"E","E"
4086,"F","F"
4087,"G","G"
4088,"H","H"
4089,"I","I"
4090,"J","J"
4091,"K","K"
4092,"L","L"
4093,"M","M"
4094,"N","N"
4095,"O","O"
4096,"P","P"
4097,"Q","Q"
4098,"R","R"
4099,"S","S"
4100,"T","T"
4101,"A","A"
4102,"B","B"
4103,"C","C"
4104,"D","D"
4105,"E","E"
4106,"F","F"
4107,"G","G"
4108,"H","H"
4109,"I","I"
4110,"J","J"
4111,"K","K"
4112,"L","L"
4113,"M","M"
4114,"N","N"
4115,"O","O"
4116,"P","P"
4117,"Q","Q"
4118,"R","R"
4119,"S","S"
4120,"T","T"
4121,"A","A"
4122,"B","B"
4123,"C","C"
4124,"D","D"
4125,"E","E"
4126,"F","F"
4127,"G","G"
4128,"H","H"
4129,"I","I"
4130,"J","J"
4131,"K","K"
4132,"L","L"
4133,"M","M"
4134,"N","N"
4135,"O","O"
4136,"P","P"
4137,"Q","Q"
4138,"R","R"
4139,"S","S"
4140,"T","T"
4141,"A","A"
4142,"B","B"
4143,"C","C"
4144,"D","D"
4145,"E","E"
4146,"F","F"
4147,"G","G"
4148,"H","H"
4149,"I","I"
4150,"J","J"
4151,"K","K"
4152,"L","L"
4153,"M","M"
4154,"N","N"
4155,"O","O"
4156,"P","P"
4157,"Q","Q"
4158,"R","R"
4159,"S","S"
4160,"T","T"
4161,"A","A"
4162,"B","B"
4163,"C","C"
4164,"D","D"
4165,"E","E"
4166,"F","F"
4167,"G","G"
4168,"H","H"
4169,"I","I"
4170,"J","J"
4171,"K","K"
4172,"L","L"
4173,"M","M"
4174,"N","N"
4175,"O","O"
4176,"P","P"
4177,"Q","Q"
4178,"R","R"
4179,"S","S"
4180,"T","T"
4181,"A","A"
4182,"B","B"
4183,"C","C"
4184,"D","D"
4185,"E","E"
4186,"F","F"
4187,"G","G"
4188,"H","H"
4189,"I","I"
4190,"J","J"
4191,"K","K"
4192,"L","L"
4193,"M","M"
4194,"N","N"
4195,"O","O"
4196,"P","P"
4197,"Q","Q"
4198,"R","R"
4199,"S","S"
4200,"T","T"
4201,"A","A"
4202,"B","B"
4203,"C","C"
4204,"D","D"
4205,"E","E"
4206,"F","F"
4207,"G","G"
4208,"H","H"
4209,"I","I"
4210,"J","J"
4211,"K","K"
4212,"L","L"
4213,"M","M"
4214,"N","N"
4215,"O","O"
4216,"P","P"
4217,"Q","Q"
4218,"R","R"
4219,"S","S"
4220,"T","T"
4221,"A","A"
4222,"B","B"
4223,"C","C"
4224,"D","D"
4225,"E","E"
4226,"F","F"
4227,"G","G"
4228,"H","H"
4229,"I","I"
4230,"J","J"
4231,"K","K"
4232,"L","L"
4233,"M","M"
4234,"N","N"
4235,"O","O"
4236,"P","P"
4237,"Q","Q"
4238,"R","R"
4239,"S","S"
4240,"T","T"
4241,"A","A"
4242,"B","B"
4243,"C","C"
4244,"D","D"
4245,"E","E"
4246,"F","F"
4247,"G","G"
4248,"H","H"
4249,"I","I"
4250,"J","J"
4251,"K","K"
4252,"L","L"
4253,"M","M"
4254,"N","N"
4255,"O","O"
4256,"P","P"
4257,"Q","Q"
4258,"R","R"
4259,"S","S"
4260,"T","T"
4261,"A","A"
4262,"B","B"
4263,"C","C"
4264,"D","D"
4265,"E","E"
4266,"F","F"
4267,"G","G"
4268,"H","H"
4269,"I","I"
4270,"J","J"
4271,"K","K"
4272,"L","L"
4273,"M","M"
4274,"N","N"
4275,"O","O"
4276,"P","P"
4277,"Q","Q"
4278,"R","R"
4279,"S","S"
4280,"T","T"
4281,"A","A"
4282,"B","B"
4283,"C","C"
4284,"D","D"
4285,"E","E"
4286,"F","F"
4287,"G","G"
4288,"H","H"
4289,"I","I"
4290,"J","J"
4291,"K","K"
4292,"L","L"
4293,"M","M"
4294,"N","N"
4295,"O","O"
4296,"P","P"
4297,"Q","Q"
4298,"R","R"
4299,"S","S"
4300,"T","T"
4301,"A","A"
4302,"B","B"
4303,"C","C"
4304,"D","D"
4305,"E","E"
4306,"F","F"
4307,"G","G"
4308,"H","H"
4309,"I","I"
4310,"J","J"
4311,"K","K"
4312,"L","L"
4313,"M","M"
4314,"N","N"
4315,"O","O"
4316,"P","P"
4317,"Q","Q"
4318,"R","R"
4319,"S","S"
4320,"T","T"
4321,"A","A"
4322,"B","B"
4323,"C","C"
4324,"D","D"
4325,"E","E"
4326,"F","F"
4327,"G","G"
4328,"H","H"
4329,"I","I"
4330,"J","J"
4331,"K","K"
4332,"L","L"
4333,"M","M"
4334,"N","N"
4335,"O","O"
4336,"P","P"
4337,"Q","Q"
4338,"R","R"
4339,"S","S"
4340,"T","T"
4341,"A","A"
4342,"B","B"
4343,"C","C"
4344,"D","D"
4345,"E","E"
4346,"F","F"
4347,"G","G"
4348,"H","H"
4349,"I","I"
4350,"J","J"
4351,"K","K"
4352,"L","L"
4353,"M","M"
4354,"N","N"
4355,"O","O"
4356,"P","P"
4357,"Q","Q"
4358,"R","R"
4359,"S","S"
4360,"T","T"
4361,"A","A"
4362,"B","B"
4363,"C","C"
4364,"D","D"
4365,"E","E"
4366,"F","F"
4367,"G","G"
4368,"H","H"
4369,"I","I"
4370,"J","J"
4371,"K","K"
4372,"L","L"
4373,"M","M"
4374,"N","N"
4375,"O","O"
4376,"P","P"
4377,"Q","Q"
4378,"R","R"
4379,"S","S"
4380,"T","T"
4381,"A","A"
4382,"B","B"
4383,"C","C"
4384,"D","D"
4385,"E","E"
4386,"F","F"
4387,"G","G"
4388,"H","H"
4389,"I","I"
4390,"J","J"
4391,"K","K"
4392,"L","L"
4393,"M","M"
4394,"N","N"
4395,"O","O"
4396,"P","P"
4397,"Q","Q"
4398,"R","R"
4399,"S","S"
4400,"T","T"
4401,"A","A"
4402,"B","B"
4403,"C","C"
4404,"D","D"
4405,"E","E"
4406,"F","F"
4407,"G","G"
4408,"H","H"
4409,"I","I"
4410,"J","J"
4411,"K","K"
4412,"L","L"
4413,"M","M"
4414,"N","N"
4415,"O","O"
4416,"P","P"
4417,"Q","Q"
4418,"R","R"
4419,"S","S"
4420,"T","T"
4421,"A","A"
4422,"B","B"
4423,"C","C"
4424,"D","D"
4425,"E","E"
4426,"F","F"
4427,"G","G"
4428,"H","H"
4429,"I","I"
4430,"J","J"
4431,"K","K"
4432,"L","L"
4433,"M","M"
4434,"N","N"
4435,"O","O"
4436,"P","P"
4437,"Q","Q"
4438,"R","R"
4439,"S","S"
4440,"T","T"
4441,"A","A"
4442,"B","B"
4443,"C","C"
4444,"D","D"
4445,"E","E"
4446,"F","F"
4447,"G","G"
4448,"H","H"
4449,"I","I"
4450,"J","J"
4451,"K","K"
4452,"L","L"
4453,"M","M"
4454,"N","N"
4455,"O","O"
4456,"P","P"
4457,"Q","Q"
4458,"R","R"
4459,"S","S"
4460,"T","T"
4461,"A","A"
4462,"B","B"
4463,"C","C"
4464,"D","D"
4465,"E","E"
4466,"F","F"
4467,"G","G"
4468,"H","H"
4469,"I","I"
4470,"J","J"
4471,"K","K"
4472,"L","L"
4473,"M","M"
4474,"N","N"
4475,"O","O"
4476,"P","P"
4477,"Q","Q"
4478,"R","R"
4479,"S","S"
4480,"T","T"
4481,"A","A"
4482,"B","B"
4483,"C","C"
4484,"D","D"
4485,"E","E"
4486,"F","F"
4487,"G","G"
4488,"H","H"
4489,"I","I"
4490,"J","J"
4491,"K","K"
4492,"L","L"
4493,"M","M"
4494,"N","N"
4495,"O","O"
4496,"P","P"
4497,"Q","Q"
4498,"R","R"
4499,"S","S"
4500,"T","T"
4501,"A","A"
4502,"B","B"
4503,"C","C"
4504,"D","D"
4505,"E","E"
4506,"F","F"
4507,"G","G"
4508,"H","H"
4509,"I","I"
4510,"J","J"
4511,"K","K"
4512,"L","L"
4513,"M","M"
4514,"N","N"
4515,"O","O"
4516,"P","P"
4517,"Q","Q"
4518,"R","R"
4519,"S","S"
4520,"T","T"
4521,"A","A"
4522,"B","B"
4523,"C","C"
4524,"D","D"
4525,"E","E"
4526,"F","F"
4527,"G","G"
4528,"H","H"
4529,"I","I"
4530,"J","J"
4531,"K","K"
4532,"L","L"
4533,"M","M"
4534,"N","N"
4535,"O","O"
4536,"P","P"
4537,"Q","Q"
4538,"R","R"
4539,"S","S"
4540,"T","T"
4541,"A","A"
4542,"B","B"
4543,"C","C"
4544,"D","D"
4545,"E","E"
4546,"F","F"
4547,"G","G"
4548,"H","H"
4549,"I","I"
4550,"J","J"
4551,"K","K"
4552,"L","L"
4553,"M","M"
4554,"N","N"
4555,"O","O"
4556,"P","P"
4557,"Q","Q"
4558,"R","R"
4559,"S","S"
4560,"T","T"
4561,"A","A"
4562,"B","B"
4563,"C","C"
4564,"D","D"
4565,"E","E"
4566,"F","F"
4567,"G","G"
4568,"H","H"
4569,"I","I"
4570,"J","J"
4571,"K","K"
4572,"L","L"
4573,"M","M"
4574,"N","N"
4575,"O","O"
4576,"P","P"
4577,"Q","Q"
4578,"R","R"
4579,"S","S"
4580,"T","T"
4581,"A","A"
4582,"B","B"
4583,"C","C"
4584,"D","D"
4585,"E","E"
4586,"F","F"
4587,"G","G"
4588,"H","H"
4589,"I","I"
4590,"J","J"
4591,"K","K"
4592,"L","L"
4593,"M","M"
4594,"N","N"
4595,"O","O"
4596,"P","P"
4597,"Q","Q"
4598,"R","R"
4599,"S","S"
4600,"T","T"
4601,"A","A"
4602,"B","B"
4603,"C","C"
4604,"D","D"
4605,"E","E"
4606,"F","F"
4607,"G","G"
4608,"H","H"
4609,"I","I"
4610,"J","J"
4611,"K","K"
4612,"L","L"
4613,"M","M"
4614,"N","N"
4615,"O","O"
4616,"P","P"
4617,"Q","Q"
4618,"R","R"
4619,"S","S"
4620,"T","T"
4621,"A","A"
4622,"B","B"
4623,"C","C"
4624,"D","D"
4625,"E","E"
4626,"F","F"
4627,"G","G"
4628,"H","H"
4629,"I","I"
4630,"J","J"
4631,"K","K"
4632,"L","L"
4633,"M","M"
4634,"N","N"
4635,"O","O"
4636,"P","P"
4637,"Q","Q"
4638,"R","R"
4639,"S","S"
4640,"T","T"
4641,"A","A"
4642,"B","B"
4643,"C","C"
4644,"D","D"
4645,"E","E"
4646,"F","F"
4647,"G","G"
4648,"H","H"
4649,"I","I"
4650,"J","J"
4651,"K","K"
4652,"L","L"
4653,"M","M"
4654,"N","N"
4655,"O","O"
4656,"P","P"
4657,"Q","Q"
4658,"R","R"
4659,"S","S"
4660,"T","T"
4661,"A","A"
4662,"B","B"
4663,"C","C"
4664,"D","D"
4665,"E","E"
4666,"F","F"
4667,"G","G"
4668,"H","H"
4669,"I","I"
4670,"J","J"
4671,"K","K"
4672,"L","L"
4673,"M","M"
4674,"N","N"
4675,"O","O"
4676,"P","P"
4677,"Q","Q"
4678,"R","R"
4679,"S","S"
4680,"T","T"
4681,"A","A"
4682,"B","B"
4683,"C","C"
4684,"D","D"
4685,"E","E"
4686,"F","F"
4687,"G","G"
4688,"H","H"
4689,"I","I"
4690,"J","J"
4691,"K","K"
4692,"L","L"
4693,"M","M"
4694,"N","N"
4695,"O","O"
4696,"P","P"
4697,"Q","Q"
4698,"R","R"
4699,"S","S"
4700,"T","T"
4701,"A","A"
4702,"B","B"
4703,"C","C"
4704,"D","D"
4705,"E","E"
4706,"F","F"
4707,"G","G"
4708,"H","H"
4709,"I","I"
4710,"J","J"
4711,"K","K"
4712,"L","L"
4713,"M","M"
4714,"N","N"
4715,"O","O"
4716,"P","P"
4717,"Q","Q"
4718,"R","R"
4719,"S","S"
4720,"T","T"
4721,"A","A"
4722,"B","B"
4723,"C","C"
4724,"D","D"
4725,"E","E"
4726,"F","F"
4727,"G","G"
4728,"H","H"
4729,"I","I"
4730,"J","J"
4731,"K","K"
4732,"L","L"
4733,"M","M"
4734,"N","N"
4735,"O","O"
4736,"P","P"
4737,"Q","Q"
4738,"R","R"
4739,"S","S"
4740,"T","T"
4741,"A","A"
4742,"B","B"
4743,"C","C"
4744,"D","D"
4745,"E","E"
4746,"F","F"
4747,"G","G"
4748,"H","H"
4749,"I","I"
4750,"J","J"
4751,"K","K"
4752,"L","L"
4753,"M","M"
4754,"N","N"
4755,"O","O"
4756,"P","P"
4757,"Q","Q"
4758,"R","R"
4759,"S","S"
4760,"T","T"
4761,"A","A"
4762,"B","B"
4763,"C","C"
4764,"D","D"
4765,"E","E"
4766,"F","F"
4767,"G","G"
4768,"H","H"
4769,"I","I"
4770,"J","J"
4771,"K","K"
4772,"L","L"
4773,"M","M"
4774,"N","N"
4775,"O","O"
4776,"P","P"
4777,"Q","Q"
4778,"R","R"
4779,"S","S"
4780,"T","T"
4781,"A","A"
4782,"B","B"
4783,"C","C"
4784,"D","D"
4785,"E","E"
4786,"F","F"
4787,"G","G"
4788,"H","H"
4789,"I","I"
4790,"J","J"
4791,"K","K"
4792,"L","L"
4793,"M","M"
4794,"N","N"
4795,"O","O"
4796,"P","P"
4797,"Q","Q"
4798,"R","R"
4799,"S","S"
4800,"T","T"
4801,"A","A"
4802,"B","B"
4803,"C","C"
4804,"D","D"
4805,"E","E"
4806,"F","F"
4807,"G","G"
4808,"H","H"
4809,"I","I"
4810,"J","J"
4811,"K","K"
4812,"L","L"
4813,"M","M"
4814,"N","N"
4815,"O","O"
4816,"P","P"
4817,"Q","Q"
4818,"R","R"
4819,"S","S"
4820,"T","T"
4821,"A","A"
4822,"B","B"
4823,"C","C"
4824,"D","D"
4825,"E","E"
4826,"F","F"
4827,"G","G"
4828,"H","H"
4829,"I","I"
4830,"J","J"
4831,"K","K"
4832,"L","L"
4833,"M","M"
4834,"N","N"
4835,"O","O"
4836,"P","P"
4837,"Q","Q"
4838,"R","R"
4839,"S","S"
4840,"T","T"
4841,"A","A"
4842,"B","B"
4843,"C","C"
4844,"D","D"
4845,"E","E"
4846,"F","F"
4847,"G","G"
4848,"H","H"
4849,"I","I"
4850,"J","J"
4851,"K","K"
4852,"L","L"
4853,"M","M"
4854,"N","N"
4855,"O","O"
4856,"P","P"
4857,"Q","Q"
4858,"R","R"
4859,"S","S"
4860,"T","T"
4861,"A","A"
4862,"B","B"
4863,"C","C"
4864,"D","D"
4865,"E","E"
4866,"F","F"
4867,"G","G"
4868,"H","H"
4869,"I","I"
4870,"J","J"
4871,"K","K"
4872,"L","L"
4873,"M","M"
4874,"N","N"
4875,"O","O"
4876,"P","P"
4877,"Q","Q"
4878,"R","R"
4879,"S","S"
4880,"T","T"
4881,"A","A"
4882,"B","B"
4883,"C","C"
4884,"D","D"
4885,"E","E"
4886,"F","F"
4887,"G","G"
4888,"H","H"
4889,"I","I"
4890,"J","J"
4891,"K","K"
4892,"L","L"
4893,"M","M"
4894,"N","N"
4895,"O","O"
4896,"P","P"
4897,"Q","Q"
4898,"R","R"
4899,"S","S"
4900,"T","T"
4901,"A","A"
4902,"B","B"
4903,"C","C"
4904,"D","D"
4905,"E","E"
4906,"F","F"
4907,"G","G"
4908,"H","H"
4909,"I","I"
4910,"J","J"
4911,"K","K"
4912,"L","L"
4913,"M","M"
4914,"N","N"
4915,"O","O"
4916,"P","P"
4917,"Q","Q"
4918,"R","R"
4919,"S","S"
4920,"T","T"
4921,"A","A"
4922,"B","B"
4923,"C","C"
4924,"D","D"
4925,"E","E"
4926,"F","F"
4927,"G","G"
4928,"H","H"
4929,"I","I"
4930,"J","J"
4931,"K","K"
4932,"L","L"
4933,"M","M"
4934,"N","N"
4935,"O","O"
4936,"P","P"
4937,"Q","Q"
4938,"R","R"
4939,"S","S"
4940,"T","T"
4941,"A","A"
4942,"B","B"
4943,"C","C"
4944,"D","D"
4945,"E","E"
4946,"F","F"
4947,"G","G"
4948,"H","H"
4949,"I","I"
4950,"J","J"
4951,"K","K"
4952,"L","L"
4953,"M","M"
4954,"N","N"
4955,"O","O"
4956,"P","P"
4957,"Q","Q"
4958,"R","R"
4959,"S","S"
4960,"T","T"
4961,"A","A"
4962,"B","B"
4963,"C","C"
4964,"D","D"
4965,"E","E"
4966,"F","F"
4967,"G","G"
4968,"H","H"
4969,"I","I"
4970,"J","J"
4971,"K","K"
4972,"L","L"
4973,"M","M"
4974,"N","N"
4975,"O","O"
4976,"P","P"
4977,"Q","Q"
4978,"R","R"
4979,"S","S"
4980,"T","T"
4981,"A","A"
4982,"B","B"
4983,"C","C"
4984,"D","D"
4985,"E","E"
4986,"F","F"
4987,"G","G"
4988,"H","H"
4989,"I","I"
4990,"J","J"
4991,"K","K"
4992,"L","L"
4993,"M","M"
4994,"N","N"
4995,"O","O"
4996,"P","P"
4997,"Q","Q"
4998,"R","R"
4999,"S","S"
5000,"T","T"
5001,"A","A"
5002,"B","B"
5003,"C","C"
5004,"D","D"
5005,"E","E"
5006,"F","F"
5007,"G","G"
5008,"H","H"
5009,"I","I"
5010,"J","J"
5011,"K","K"
5012,"L","L"
5013,"M","M"
5014,"N","N"
5015,"O","O"
5016,"P","P"
5017,"Q","Q"
5018,"R","R"
5019,"S","S"
5020,"T","T"
5021,"A","A"
5022,"B","B"
5023,"C","C"
5024,"D","D"
5025,"E","E"
5026,"F","F"
5027,"G","G"
5028,"H","H"
5029,"I","I"
5030,"J","J"
5031,"K","K"
5032,"L","L"
5033,"M","M"
5034,"N","N"
5035,"O","O"
5036,"P","P"
5037,"Q","Q"
5038,"R","R"
5039,"S","S"
5040,"T","T"
5041,"A","A"
5042,"B","B"
5043,"C","C"
5044,"D","D"
5045,"E","E"
5046,"F","F"
5047,"G","G"
5048,"H","H"
5049,"I","I"
5050,"J","J"
5051,"K","K"
5052,"L","L"
5053,"M","M"
5054,"N","N"
5055,"O","O"
5056,"P","P"
5057,"Q","Q"
5058,"R","R"
5059,"S","S"
5060,"T","T"
5061,"A","A"
5062,"B","B"
5063,"C","C"
5064,"D","D"
5065,"E","E"
5066,"F","F"
5067,"G","G"
5068,"H","H"
5069,"I","I"
5070,"J","J"
5071,"K","K"
5072,"L","L"
5073,"M","M"
5074,"N","N"
5075,"O","O"
5076,"P","P"
5077,"Q","Q"
5078,"R","R"
5079,"S","S"
5080,"T","T"
5081,"A","A"
5082,"B","B"
5083,"C","C"
5084,"D","D"
5085,"E","E"
5086,"F","F"
5087,"G","G"
5088,"H","H"
5089,"I","I"
5090,"J","J"
5091,"K","K"
5092,"L","L"
5093,"M","M"
5094,"N","N"
5095,"O","O"
5096,"P","P"
5097,"Q","Q"
5098,"R","R"
5099,"S","S"
5100,"T","T"
5101,"A","A"
5102,"B","B"
5103,"C","C"
5104,"D","D"
5105,"E","E"
5106,"F","F"
5107,"G","G"
5108,"H","H"
5109,"I","I"
5110,"J","J"
5111,"K","K"
5112,"L","L"
5113,"M","M"
5114,"N","N"
5115,"O","O"
5116,"P","P"
5117,"Q","Q"
5118,"R","R"
5119,"S","S"
5120,"T","T"
5121,"A","A"
5122,"B","B"
5123,"C","C"
5124,"D","D"
5125,"E","E"
5126,"F","F"
5127,"G","G"
5128,"H","H"
5129,"I","I"
5130,"J","J"
5131,"K","K"
5132,"L","L"
5133,"M","M"
5134,"N","N"
5135,"O","O"
5136,"P","P"
5137,"Q","Q"
5138,"R","R"
5139,"S","S"
5140,"T","T"
5141,"A","A"
5142,"B","B"
5143,"C","C"
5144,"D","D"
5145,"E","E"
5146,"F","F"
5147,"G","G"
5148,"H","H"
5149,"I","I"
5150,"J","J"
5151,"K","K"
5152,"L","L"
5153,"M","M"
5154,"N","N"
5155,"O","O"
5156,"P","P"
5157,"Q","Q"
5158,"R","R"
5159,"S","S"
5160,"T","T"
5161,"A","A"
5162,"B","B"
5163,"C","C"
5164,"D","D"
5165,"E","E"
5166,"F","F"
5167,"G","G"
5168,"H","H"
5169,"I","I"
5170,"J","J"
5171,"K","K"
5172,"L","L"
5173,"M","M"
5174,"N","N"
5175,"O","O"
5176,"P","P"
5177,"Q","Q"
5178,"R","R"
5179,"S","S"
5180,"T","T"
5181,"A","A"
5182,"B","B"
5183,"C","C"
5184,"D","D"
5185,"E","E"
5186,"F","F"
5187,"G","G"
5188,"H","H"
5189,"I","I"
5190,"J","J"
5191,"K","K"
5192,"L","L"
5193,"M","M"
5194,"N","N"
5195,"O","O"
5196,"P","P"
5197,"Q","Q"
5198,"R","R"
5199,"S","S"
5200,"T","T"
5201,"A","A"
5202,"B","B"
5203,"C","C"
5204,"D","D"
5205,"E","E"
5206,"F","F"
5207,"G","G"
5208,"H","H"
5209,"I","I"
5210,"J","J"
5211,"K","K"
5212,"L","L"
5213,"M","M"
5214,"N","N"
5215,"O","O"
5216,"P","P"
5217,"Q","Q"
5218,"R","R"
5219,"S","S"
5220,"T","T"
5221,"A","A"
5222,"B","B"
5223,"C","C"
5224,"D","D"
5225,"E","E"
5226,"F","F"
5227,"G","G"
5228,"H","H"
5229,"I","I"
5230,"J","J"
5231,"K","K"
5232,"L","L"
5233,"M","M"
5234,"N","N"
5235,"O","O"
5236,"P","P"
5237,"Q","Q"
5238,"R","R"
5239,"S","S"
5240,"T","T"
5241,"A","A"
5242,"B","B"
5243,"C","C"
5244,"D","D"
5245,"E","E"
5246,"F","F"
5247,"G","G"
5248,"H","H"
5249,"I","I"
5250,"J","J"
5251,"K","K"
5252,"L","L"
5253,"M","M"
5254,"N","N"
5255,"O","O"
5256,"P","P"
5257,"Q","Q"
5258,"R","R"
5259,"S","S"
5260,"T","T"
5261,"A","A"
5262,"B","B"
5263,"C","C"
5264,"D","D"
5265,"E","E"
5266,"F","F"
5267,"G","G"
5268,"H","H"
5269,"I","I"
5270,"J","J"
5271,"K","K"
5272,"L","L"
5273,"M","M"
5274,"N","N"
5275,"O","O"
5276,"P","P"
5277,"Q","Q"
5278,"R","R"
5279,"S","S"
5280,"T","T"
5281,"A","A"
5282,"B","B"
5283,"C","C"
5284,"D","D"
5285,"E","E"
5286,"F","F"
5287,"G","G"
5288,"H","H"
5289,"I","I"
5290,"J","J"
5291,"K","K"
5292,"L","L"
5293,"M","M"
5294,"N","N"
5295,"O","O"
5296,"P","P"
5297,"Q","Q"
5298,"R","R"
5299,"S","S"
5300,"T","T"
5301,"A","A"
5302,"B","B"
5303,"C","C"
5304,"D","D"
5305,"E","E"
5306,"F","F"
5307,"G","G"
5308,"H","H"
5309,"I","I"
5310,"J","J"
5311,"K","K"
5312,"L","L"
5313,"M","M"
5314,"N","N"
5315,"O","O"
5316,"P","P"
5317,"Q","Q"
5318,"R","R"
5319,"S","S"
5320,"T","T"
5321,"A","A"
5322,"B","B"
5323,"C","C"
5324,"D","D"
5325,"E","E"
5326,"F","F"
5327,"G","G"
5328,"H","H"
5329,"I","I"
5330,"J","J"
5331,"K","K"
5332,"L","L"
5333,"M","M"
5334,"N","N"
5335,"O","O"
5336,"P","P"
5337,"Q","Q"
5338,"R","R"
5339,"S","S"
5340,"T","T"
5341,"A","A"
5342,"B","B"
5343,"C","C"
5344,"D","D"
5345,"E","E"
5346,"F","F"
5347,"G","G"
5348,"H","H"
5349,"I","I"
5350,"J","J"
5351,"K","K"
5352,"L","L"
5353,"M","M"
5354,"N","N"
5355,"O","O"
5356,"P","P"
5357,"Q","Q"
5358,"R","R"
5359,"S","S"
5360,"T","T"
5361,"A","A"
5362,"B","B"
5363,"C","C"
5364,"D","D"
5365,"E","E"
5366,"F","F"
5367,"G","G"
5368,"H","H"
5369,"I","I"
5370,"J","J"
5371,"K","K"
5372,"L","L"
5373,"M","M"
5374,"N","N"
5375,"O","O"
5376,"P","P"
5377,"Q","Q"
5378,"R","R"
5379,"S","S"
5380,"T","T"
5381,"A","A"
5382,"B","B"
5383,"C","C"
5384,"D","D"
5385,"E","E"
5386,"F","F"
5387,"G","G"
5388,"H","H"
5389,"I","I"
5390,"J","J"
5391,"K","K"
5392,"L","L"
5393,"M","M"
5394,"N","N"
5395,"O","O"
5396,"P","P"
5397,"Q","Q"
5398,"R","R"
5399,"S","S"
5400,"T","T"
5401,"A","A"
5402,"B","B"
5403,"C","C"
5404,"D","D"
5405,"E","E"
5406,"F","F"
5407,"G","G"
5408,"H","H"
5409,"I","I"
5410,"J","J"
5411,"K","K"
5412,"L","L"
5413,"M","M"
5414,"N","N"
5415,"O","O"
5416,"P","P"
5417,"Q","Q"
5418,"R","R"
5419,"S","S"
5420,"T","T"
5421,"A","A"
5422,"B","B"
5423,"C","C"
5424,"D","D"
5425,"E","E"
5426,"F","F"
5427,"G","G"
5428,"H","H"
5429,"I","I"
5430,"J","J"
5431,"K","K"
5432,"L","L"
5433,"M","M"
5434,"N","N"
5435,"O","O"
5436,"P","P"
5437,"Q","Q"
5438,"R","R"
5439,"S","S"
5440,"T","T"
5441,"A","A"
5442,"B","B"
5443,"C","C"
5444,"D","D"
5445,"E","E"
5446,"F","F"
5447,"G","G"
5448,"H","H"
5449,"I","I"
5450,"J","J"
5451,"K","K"
5452,"L","L"
5453,"M","M"
5454,"N","N"
5455,"O","O"
5456,"P","P"
5457,"Q","Q"
5458,"R","R"
5459,"S","S"
5460,"T","T"
5461,"A","A"
5462,"B","B"
5463,"C","C"
5464,"D","D"
5465,"E","E"
5466,"F","F"
5467,"G","G"
5468,"H","H"
5469,"I","I"
5470,"J","J"
5471,"K","K"
5472,"L","L"
5473,"M","M"
5474,"N","N"
5475,"O","O"
5476,"P","P"
5477,"Q","Q"
5478,"R","R"
5479,"S","S"
5480,"T","T"
5481,"A","A"
5482,"B","B"
5483,"C","C"
5484,"D","D"
5485,"E","E"
5486,"F","F"
5487,"G","G"
5488,"H","H"
5489,"I","I"
5490,"J","J"
5491,"K","K"
5492,"L","L"
5493,"M","M"
5494,"N","N"
5495,"O","O"
5496,"P","P"
5497,"Q","Q"
5498,"R","R"
5499,"S","S"
5500,"T","T"
5501,"A","A"
5502,"B","B"
5503,"C","C"
5504,"D","D"
5505,"E","E"
5506,"F","F"
5507,"G","G"
5508,"H","H"
5509,"I","I"
5510,"J","J"
5511,"K","K"
5512,"L","L"
5513,"M","M"
5514,"N","N"
5515,"O","O"
5516,"P","P"
5517,"Q","Q"
5518,"R","R"
5519,"S","S"
5520,"T","T"
5521,"A","A"
5522,"B","B"
5523,"C","C"
5524,"D","D"
5525,"E","E"
5526,"F","F"
5527,"G","G"
5528,"H","H"
5529,"I","I"
5530,"J","J"
5531,"K","K"
5532,"L","L"
5533,"M","M"
5534,"N","N"
5535,"O","O"
5536,"P","P"
5537,"Q","Q"
5538,"R","R"
5539,"S","S"
5540,"T","T"
5541,"A","A"
5542,"B","B"
5543,"C","C"
5544,"D","D"
5545,"E","E"
5546,"F","F"
5547,"G","G"
5548,"H","H"
5549,"I","I"
5550,"J","J"
5551,"K","K"
5552,"L","L"
5553,"M","M"
5554,"N","N"
5555,"O","O"
5556,"P","P"
5557,"Q","Q"
5558,"R","R"
5559,"S","S"
5560,"T","T"
5561,"A","A"
5562,"B","B"
5563,"C","C"
5564,"D","D"
5565,"E","E"
5566,"F","F"
5567,"G","G"
5568,"H","H"
5569,"I","I"
5570,"J","J"
5571,"K","K"
5572,"L","L"
5573,"M","M"
5574,"N","N"
5575,"O","O"
5576,"P","P"
5577,"Q","Q"
5578,"R","R"
5579,"S","S"
5580,"T","T"
5581,"A","A"
5582,"B","B"
5583,"C","C"
5584,"D","D"
5585,"E","E"
5586,"F","F"
5587,"G","G"
5588,"H","H"
5589,"I","I"
5590,"J","J"
5591,"K","K"
5592,"L","L"
5593,"M","M"
5594,"N","N"
5595,"O","O"
5596,"P","P"
5597,"Q","Q"
5598,"R","R"
5599,"S","S"
5600,"T","T"
5601,"A","A"
5602,"B","B"
5603,"C","C"
5604,"D","D"
5605,"E","E"
5606,"F","F"
5607,"G","G"
5608,"H","H"
5609,"I","I"
5610,"J","J"
5611,"K","K"
5612,"L","L"
5613,"M","M"
5614,"N","N"
5615,"O","O"
5616,"P","P"
5617,"Q","Q"
5618,"R","R"
5619,"S","S"
5620,"T","T"
5621,"A","A"
5622,"B","B"
5623,"C","C"
5624,"D","D"
5625,"E","E"
5626,"F","F"
5627,"G","G"
5628,"H","H"
5629,"I","I"
5630,"J","J"
5631,"K","K"
5632,"L","L"
5633,"M","M"
5634,"N","N"
5635,"O","O"
5636,"P","P"
5637,"Q","Q"
5638,"R","R"
5639,"S","S"
5640,"T","T"
5641,"A","A"
5642,"B","B"
5643,"C","C"
5644,"D","D"
5645,"E","E"
5646,"F","F"
5647,"G","G"
5648,"H","H"
5649,"I","I"
5650,"J","J"
5651,"K","K"
5652,"L","L"
5653,"M","M"
5654,"N","N"
5655,"O","O"
5656,"P","P"
5657,"Q","Q"
5658,"R","R"
5659,"S","S"
5660,"T","T"
5661,"A","A"
5662,"B","B"
5663,"C","C"
5664,"D","D"
5665,"E","E"
5666,"F","F"
5667,"G","G"
5668,"H","H"
5669,"I","I"
5670,"J","J"
5671,"K","K"
5672,"L","L"
5673,"M","M"
5674,"N","N"
5675,"O","O"
5676,"P","P"
5677,"Q","Q"
5678,"R","R"
5679,"S","S"
5680,"T","T"
5681,"A","A"
5682,"B","B"
5683,"C","C"
5684,"D","D"
5685,"E","E"
5686,"F","F"
5687,"G","G"
5688,"H","H"
5689,"I","I"
5690,"J","J"
5691,"K","K"
5692,"L","L"
5693,"M","M"
5694,"N","N"
5695,"O","O"
5696,"P","P"
5697,"Q","Q"
5698,"R","R"
5699,"S","S"
5700,"T","T"
5701,"A","A"
5702,"B","B"
5703,"C","C"
5704,"D","D"
5705,"E","E"
5706,"F","F"
5707,"G","G"
5708,"H","H"
5709,"I","I"
5710,"J","J"
5711,"K","K"
5712,"L","L"
5713,"M","M"
5714,"N","N"
5715,"O","O"
5716,"P","P"
5717,"Q","Q"
5718,"R","R"
5719,"S","S"
5720,"T","T"
5721,"A","A"
5722,"B","B"
5723,"C","C"
5724,"D","D"
5725,"E","E"
5726,"F","F"
5727,"G","G"
5728,"H","H"
5729,"I","I"
5730,"J","J"
5731,"K","K"
5732,"L","L"
5733,"M","M"
5734,"N","N"
5735,"O","O"
5736,"P","P"
5737,"Q","Q"
5738,"R","R"
5739,"S","S"
5740,"T","T"
5741,"A","A"
5742,"B","B"
5743,"C","C"
5744,"D","D"
5745,"E","E"
5746,"F","F"
5747,"G","G"
5748,"H","H"
5749,"I","I"
5750,"J","J"
5751,"K","K"
5752,"L","L"
5753,"M","M"
5754,"N","N"
5755,"O","O"
5756,"P","P"
5757,"Q","Q"
5758,"R","R"
5759,"S","S"
5760,"T","T"
5761,"A","A"
5762,"B","B"
5763,"C","C"
5764,"D","D"
5765,"E","E"
5766,"F","F"
5767,"G","G"
5768,"H","H"
5769,"I","I"
5770,"J","J"
5771,"K","K"
5772,"L","L"
5773,"M","M"
5774,"N","N"
5775,"O","O"
5776,"P","P"
5777,"Q","Q"
5778,"R","R"
5779,"S","S"
5780,"T","T"
5781,"A","A"
5782,"B","B"
5783,"C","C"
5784,"D","D"
5785,"E","E"
5786,"F","F"
5787,"G","G"
5788,"H","H"
5789,"I","I"
5790,"J","J"
5791,"K","K"
5792,"L","L"
5793,"M","M"
5794,"N","N"
5795,"O","O"
5796,"P","P"
5797,"Q","Q"
5798,"R","R"
5799,"S","S"
5800,"T","T"
5801,"A","A"
5802,"B","B"
5803,"C","C"
5804,"D","D"
5805,"E","E"
5806,"F","F"
5807,"G","G"
5808,"H","H"
5809,"I","I"
5810,"J","J"
5811,"K","K"
5812,"L","L"
5813,"M","M"
5814,"N","N"
5815,"O","O"
5816,"P","P"
5817,"Q","Q"
5818,"R","R"
5819,"S","S"
5820,"T","T"
5821,"A","A"
5822,"B","B"
5823,"C","C"
5824,"D","D"
5825,"E","E"
5826,"F","F"
5827,"G","G"
5828,"H","H"
5829,"I","I"
5830,"J","J"
5831,"K","K"
5832,"L","L"
5833,"M","M"
5834,"N","N"
5835,"O","O"
5836,"P","P"
5837,"Q","Q"
5838,"R","R"
5839,"S","S"
5840,"T","T"
5841,"A","A"
5842,"B","B"
5843,"C","C"
5844,"D","D"
5845,"E","E"
5846,"F","F"
5847,"G","G"
5848,"H","H"
5849,"I","I"
5850,"J","J"
5851,"K","K"
5852,"L","L"
5853,"M","M"
5854,"N","N"
5855,"O","O"
5856,"P","P"
5857,"Q","Q"
5858,"R","R"
5859,"S","S"
5860,"T","T"
5861,"A","A"
5862,"B","B"
5863,"C","C"
5864,"D","D"
5865,"E","E"
5866,"F","F"
5867,"G","G"
5868,"H","H"
5869,"I","I"
5870,"J","J"
5871,"K","K"
5872,"L","L"
5873,"M","M"
5874,"N","N"
5875,"O","O"
5876,"P","P"
5877,"Q","Q"
5878,"R","R"
5879,"S","S"
5880,"T","T"
5881,"A","A"
5882,"B","B"
5883,"C","C"
5884,"D","D"
5885,"E","E"
5886,"F","F"
5887,"G","G"
5888,"H","H"
5889,"I","I"
5890,"J","J"
5891,"K","K"
5892,"L","L"
5893,"M","M"
5894,"N","N"
5895,"O","O"
5896,"P","P"
5897,"Q","Q"
5898,"R","R"
5899,"S","S"
5900,"T","T"
5901,"A","A"
5902,"B","B"
5903,"C","C"
5904,"D","D"
5905,"E","E"
5906,"F","F"
5907,"G","G"
5908,"H","H"
5909,"I","I"
5910,"J","J"
5911,"K","K"
5912,"L","L"
5913,"M","M"
5914,"N","N"
5915,"O","O"
5916,"P","P"
5917,"Q","Q"
5918,"R","R"
5919,"S","S"
5920,"T","T"
5921,"A","A"
5922,"B","B"
5923,"C","C"
5924,"D","D"
5925,"E","E"
5926,"F","F"
5927,"G","G"
5928,"H","H"
5929,"I","I"
5930,"J","J"
5931,"K","K"
5932,"L","L"
5933,"M","M"
5934,"N","N"
5935,"O","O"
5936,"P","P"
5937,"Q","Q"
5938,"R","R"
5939,"S","S"
5940,"T","T"
5941,"A","A"
5942,"B","B"
5943,"C","C"
5944,"D","D"
5945,"E","E"
5946,"F","F"
5947,"G","G"
5948,"H","H"
5949,"I","I"
5950,"J","J"
5951,"K","K"
5952,"L","L"
5953,"M","M"
5954,"N","N"
5955,"O","O"
5956,"P","P"
5957,"Q","Q"
5958,"R","R"
5959,"S","S"
5960,"T","T"
5961,"A","A"
5962,"B","B"
5963,"C","C"
5964,"D","D"
5965,"E","E"
5966,"F","F"
5967,"G","G"
5968,"H","H"
5969,"I","I"
5970,"J","J"
5971,"K","K"
5972,"L","L"
5973,"M","M"
5974,"N","N"
5975,"O","O"
5976,"P","P"
5977,"Q","Q"
5978,"R","R"
5979,"S","S"
5980,"T","T"
5981,"A","A"
5982,"B","B"
5983,"C","C"
5984,"D","D"
5985,"E","E"
5986,"F","F"
5987,"G","G"
5988,"H","H"
5989,"I","I"
5990,"J","J"
5991,"K","K"
5992,"L","L"
5993,"M","M"
5994,"N","N"
5995,"O","O"
5996,"P","P"
5997,"Q","Q"
5998,"R","R"
5999,"S","S"
6000,"T","T"
