"id","first_name","last_name","city","state","country","user_id","created_at","updated_at","created_date","created_at_ymd","customer_id"
1,"Nam hic et in qui.","Et et et quas atque.","L","C","Saint Pierre &amp; Miquelon",2,"2024-02-07 14:19:31","2024-02-07 14:19:31",2024-05-13,"20240513",1
2,"Est non est qui.","Sed ad cum labore.","O","W","Cook Islands",9,"2024-02-07 14:19:31","2024-02-07 14:19:31",2024-09-06,"20240906",2
3,"Dolor unde voluptate sed.","Modi vero sit in et.","I","N","Benin",4,"2024-02-07 14:19:31","2024-02-07 14:19:31",2024-03-01,"20240301",3
4,"Eum enim porro qui nisi.","Quia est aut quas eaque.","A","U","Virgin Islands (US)",3,"2024-02-07 14:19:31","2024-02-07 14:19:31",2024-08-08,"20240808",4
5,"Vero non eos quia.","Dolor suscipit aut qui.","U","W","Faroe Islands",1,"2024-02-07 14:19:31","2024-02-07 14:19:31",2024-08-26,"20240826",5
6,"Quo aut fugiat nam.","Aut odit eos adipisci.","F","V","Cruise Ship",6,"2024-02-07 14:19:31","2024-02-07 14:19:31",2024-03-08,"20240308",6
7,"Porro aut dolorem illo.","Ullam et illo est quo.","S","P","Papua New Guinea",1,"2024-02-07 14:19:31","2024-02-07 14:19:31",2024-12-21,"20241221",7
8,"Sit non omnis labore.","Ut dolor labore facere.","W","I","Burundi",8,"2024-02-07 14:19:31","2024-02-07 14:19:31",2024-11-02,"20241102",8
9,"Modi sed accusamus ea.","Quia rerum enim qui.","L","S","Greenland",9,"2024-02-07 14:19:31","2024-02-07 14:19:31",2024-07-26,"20240726",9
10,"Sed rerum ex voluptatem.","Ut voluptatem ut ea.","F","S","Angola",4,"2024-02-07 14:19:31","2024-02-07 14:19:31",2024-03-09,"20240309",10
11,"Ut animi minima modi eum.","Saepe vitae officiis et.","E","S","Uzbekistan",4,"2024-02-07 14:19:31","2024-02-07 14:19:31",2024-06-04,"20240604",11
12,"Ex alias fuga sunt neque.","Et voluptas et vel qui.","A","O","Sierra Leone",7,"2024-02-07 14:19:31","2024-02-07 14:19:31",2025-01-09,"20250109",12
13,"Vel et quibusdam saepe.","Et vel odit consequatur.","X","R","Peru",4,"2024-02-07 14:19:31","2024-02-07 14:19:31",2024-05-28,"20240528",13
14,"Sit iure cum earum qui.","Id at a autem quis eius.","R","N","St Vincent",10,"2024-02-07 14:19:31","2024-02-07 14:19:31",2024-09-24,"20240924",14
15,"Omnis odio sunt et harum.","Quia et rerum iste sit.","J","C","Mongolia",10,"2024-02-07 14:19:31","2024-02-07 14:19:31",2024-05-30,"20240530",15
16,"Nemo alias id adipisci.","Sunt in ea perferendis.","G","H","Morocco",4,"2024-02-07 14:19:31","2024-02-07 14:19:31",2024-12-25,"20241225",16
17,"Ex at reiciendis qui.","Omnis aut ad adipisci in.","Z","I","Namibia",5,"2024-02-07 14:19:31","2024-02-07 14:19:31",2024-09-28,"20240928",17
18,"Maxime iure eos et culpa.","Et labore incidunt sunt.","B","R","Gabon",1,"2024-02-07 14:19:31","2024-02-07 14:19:31",2024-07-03,"20240703",18
19,"Omnis natus ut hic aut.","Et et qui laboriosam ea.","C","L","Saudi Arabia",1,"2024-02-07 14:19:31","2024-02-07 14:19:31",2024-05-29,"20240529",19
20,"In dolore sit amet aut.","Corrupti non sint sed.","F","N","Poland",9,"2024-02-07 14:19:31","2024-02-07 14:19:31",2024-09-10,"20240910",20
21,"Est amet culpa possimus.","In in et omnis.","B","N","Argentina",1,"2024-02-07 14:19:31","2024-02-07 14:19:31",2024-04-23,"20240423",21
22,"Nisi autem optio natus.","Omnis et ipsum a soluta.","D","S","Cote D Ivoire",10,"2024-02-07 14:19:31","2024-02-07 14:19:31",2025-01-12,"20250112",22
23,"Quibusdam nemo non sit.","Qui tenetur quo nulla at.","Q","E","Belarus",8,"2024-02-07 14:19:31","2024-02-07 14:19:31",2024-07-20,"20240720",23
24,"Velit est et doloribus.","Iusto sapiente et cumque.","Y","T","Ireland",5,"2024-02-07 14:19:31","2024-02-07 14:19:31",2024-12-28,"20241228",24
25,"Aut atque ab quia et.","Quam vero nemo cum quo.","J","Q","Togo",10,"2024-02-07 14:19:31","2024-02-07 14:19:31",2024-08-19,"20240819",25
26,"Quo maxime et ducimus.","Eius id eum sequi fugit.","O","W","Grenada",4,"2024-02-07 14:19:31","2024-02-07 14:19:31",2024-08-04,"20240804",26
27,"Error rerum et eius et.","Et est pariatur ut rerum.","Y","B","Lesotho",10,"2024-02-07 14:19:31","2024-02-07 14:19:31",2024-11-17,"20241117",27
28,"Quam quas possimus et et.","Ut cum id qui et.","I","A","Algeria",7,"2024-02-07 14:19:31","2024-02-07 14:19:31",2024-03-03,"20240303",28
29,"Ut eveniet hic quam et.","Aut autem officia porro.","O","O","China",5,"2024-02-07 14:19:31","2024-02-07 14:19:31",2024-08-20,"20240820",29
30,"Eos amet sint et ex.","Neque est mollitia ipsa.","Q","P","Cote D Ivoire",5,"2024-02-07 14:19:31","2024-02-07 14:19:31",2024-06-23,"20240623",30
31,"Dolore dicta ut sit aut.","Quam autem non quia.","Z","F","Yemen",3,"2024-02-07 14:19:32","2024-02-07 14:19:32",2024-09-17,"20240917",31
32,"Quae ut tenetur quos.","In quo molestiae qui.","S","D","Tonga",9,"2024-02-07 14:19:32","2024-02-07 14:19:32",2024-08-22,"20240822",32
33,"Quia aut non ab minus.","Et dolorem quia quo.","C","E","Morocco",7,"2024-02-07 14:19:32","2024-02-07 14:19:32",2024-03-14,"20240314",33
34,"Aut optio et ut.","Quas quo occaecati nulla.","M","L","Moldova",5,"2024-02-07 14:19:32","2024-02-07 14:19:32",2024-04-14,"20240414",34
35,"Vitae vitae a dolor.","Ut atque dolorum at.","L","G","Belize",2,"2024-02-07 14:19:32","2024-02-07 14:19:32",2024-11-11,"20241111",35
36,"Nostrum eos omnis aut.","Ullam error sit ipsa.","Z","X","Mexico",1,"2024-02-07 14:19:32","2024-02-07 14:19:32",2024-11-17,"20241117",36
37,"Quos eos iure nam.","Non vitae sequi labore.","U","P","Guernsey",3,"2024-02-07 14:19:32","2024-02-07 14:19:32",2024-09-25,"20240925",37
38,"Eos quo et magnam.","Aut quis quos velit.","A","E","Mozambique",4,"2024-02-07 14:19:32","2024-02-07 14:19:32",2024-03-19,"20240319",38
39,"In beatae neque tempore.","Illo sit qui modi.","P","G","Tonga",5,"2024-02-07 14:19:32","2024-02-07 14:19:32",2024-08-27,"20240827",39
40,"Quis id sunt maxime.","Sed et ab iure soluta.","X","D","Monaco",3,"2024-02-07 14:19:32","2024-02-07 14:19:32",2024-10-03,"20241003",40
