"id","product","description","category","user_id","created_at","updated_at","price","image_link","created_date","created_at_ymd"
1,"Sitarchitecto.","Omnis magni aut hic.","NejL4wgj4w",10,"2024-02-07 14:19:30","2024-02-07 14:19:30",249.3,"Aut aut temporibus.",2024-12-27,"20241227"
2,"Ametducimus.","Officia quia quasi rerum.","XDfFcXgT2G",9,"2024-02-07 14:19:30","2024-02-07 14:19:30",315,"Voluptatum.",2024-06-04,"20240604"
3,"Etmodinon.","Hic et quo ex velit.","Ns3an1ZfUF",9,"2024-02-07 14:19:30","2024-02-07 14:19:30",366.7,"Qui corporis omnis.",2024-09-05,"20240905"
4,"Nonaperiamsed.","In et voluptas nostrum.","k7MRmVY0X8",4,"2024-02-07 14:19:30","2024-02-07 14:19:30",319.5,"Harum quos adipisci.",2024-09-01,"20240901"
5,"Estrem.","Doloribus sed quis vel.","Qrs72gsjGa",6,"2024-02-07 14:19:30","2024-02-07 14:19:30",300.4,"Suscipit labore.",2024-12-21,"20241221"
6,"Reiciendis.","Id optio harum magni.","2X4ye9PhIh",1,"2024-02-07 14:19:30","2024-02-07 14:19:30",215.6,"Expedita voluptatem.",2024-11-21,"20241121"
7,"Saepeharum.","Tempore in quis a dolor.","F8ioxlh8VT",9,"2024-02-07 14:19:30","2024-02-07 14:19:30",264.7,"Voluptatem eum ab.",2024-12-13,"20241213"
8,"Autvoluptatem.","Animi aut fugiat et.","k7MRmVY0X8",8,"2024-02-07 14:19:30","2024-02-07 14:19:30",275.8,"Consectetur.",2024-04-28,"20240428"
9,"Eumdoloribus.","Et ut quo temporibus qui.","9BIOIxokpy",8,"2024-02-07 14:19:30","2024-02-07 14:19:30",313,"Officiis labore.",2024-09-13,"20240913"
10,"Perspiciatisin.","Aperiam ut est optio ea.","0mocKkZUwr",3,"2024-02-07 14:19:30","2024-02-07 14:19:30",255.5,"Consequatur hic.",2024-06-12,"20240612"
11,"Etetsint.","Fugiat nihil rem harum.","Ns3an1ZfUF",2,"2024-02-07 14:19:30","2024-02-07 14:19:30",347.9,"Vero nam in.",2024-08-27,"20240827"
12,"Debitis.","Qui non ea molestias et.","XDfFcXgT2G",5,"2024-02-07 14:19:30","2024-02-07 14:19:30",324.4,"Labore ad ad.",2024-06-02,"20240602"
13,"Harumautipsa.","Labore est ut inventore.","QydRVo7tLd",2,"2024-02-07 14:19:30","2024-02-07 14:19:30",289.5,"Qui consequatur.",2024-09-25,"20240925"
14,"Voluptateest.","Iste quaerat et autem.","NejL4wgj4w",6,"2024-02-07 14:19:30","2024-02-07 14:19:30",216.5,"Ut eaque ex.",2024-03-20,"20240320"
15,"Incidunt.","In quia veritatis vel.","9uzI7NiOao",4,"2024-02-07 14:19:30","2024-02-07 14:19:30",327.1,"Illum voluptatem.",2024-12-26,"20241226"
16,"Aliquambeatae.","Sapiente suscipit ut et.","k7MRmVY0X8",2,"2024-02-07 14:19:30","2024-02-07 14:19:30",239.2,"Ut numquam sapiente.",2024-09-09,"20240909"
17,"Evenietimpedit.","Est animi ut sed atque.","8FWOY90d3u",7,"2024-02-07 14:19:30","2024-02-07 14:19:30",359.9,"Quo sunt.",2024-08-05,"20240805"
18,"Hiciureipsa.","Qui tempore id eligendi.","XDfFcXgT2G",10,"2024-02-07 14:19:30","2024-02-07 14:19:30",259.1,"Molestias enim aut.",2024-07-22,"20240722"
19,"Odiodoloremque.","Non sit qui hic fuga.","c8cv2wvB8l",7,"2024-02-07 14:19:30","2024-02-07 14:19:30",319.1,"Facilis quo laborum.",2024-03-30,"20240330"
20,"Velsed.","Ex fugit non sit.","XDfFcXgT2G",9,"2024-02-07 14:19:30","2024-02-07 14:19:30",334.5,"Vero repellendus ut.",2024-04-10,"20240410"
21,"Debitissitrem.","Et quia itaque ut.","8FWOY90d3u",1,"2024-02-07 14:19:30","2024-02-07 14:19:30",385.1,"Animi aliquid vel.",2024-09-07,"20240907"
22,"Quosetneque.","Voluptate qui est alias.","NejL4wgj4w",1,"2024-02-07 14:19:30","2024-02-07 14:19:30",261.9,"Et rerum nostrum.",2024-07-15,"20240715"
23,"Ipsum.","Ab vitae ipsam nulla.","4z9mSD6fzr",1,"2024-02-07 14:19:30","2024-02-07 14:19:30",280.6,"Similique quibusdam.",2024-05-10,"20240510"
24,"Architecto.","Eligendi modi id labore.","9uzI7NiOao",9,"2024-02-07 14:19:30","2024-02-07 14:19:30",286.2,"Quis rerum enim.",2024-11-05,"20241105"
25,"Velomnisesse.","Eum eligendi velit et.","RWmotgOYvt",2,"2024-02-07 14:19:30","2024-02-07 14:19:30",248.8,"Et qui.",2024-08-28,"20240828"
26,"Eligendi.","Id assumenda qui quas.","9uzI7NiOao",1,"2024-02-07 14:19:30","2024-02-07 14:19:30",297.6,"Pariatur suscipit.",2024-03-23,"20240323"
27,"Quiailloautem.","Id voluptatibus ipsam et.","F8ioxlh8VT",2,"2024-02-07 14:19:30","2024-02-07 14:19:30",327.2,"Sit rem enim culpa.",2024-03-26,"20240326"
28,"Consequatur.","Accusamus et et officiis.","XDfFcXgT2G",4,"2024-02-07 14:19:30","2024-02-07 14:19:30",270.8,"Consectetur.",2024-04-22,"20240422"
29,"Quascorrupti.","Modi velit omnis qui quo.","4z9mSD6fzr",2,"2024-02-07 14:19:30","2024-02-07 14:19:30",329.4,"Dignissimos eaque.",2024-02-14,"20240214"
30,"Quidemquidem.","Harum ut neque nulla.","c8cv2wvB8l",10,"2024-02-07 14:19:30","2024-02-07 14:19:30",284.9,"Provident iure.",2024-04-14,"20240414"
31,"Optioofficiis.","Nihil et est repudiandae.","f3xiCdq81k",7,"2024-02-07 14:19:30","2024-02-07 14:19:30",334.5,"Rem exercitationem.",2024-08-11,"20240811"
32,"Nullaprovident.","Sapiente aut ut ut.","NejL4wgj4w",7,"2024-02-07 14:19:30","2024-02-07 14:19:30",282.3,"Soluta rerum.",2024-10-11,"20241011"
33,"Estrerumsunt.","Dolore unde esse quidem.","RWmotgOYvt",10,"2024-02-07 14:19:30","2024-02-07 14:19:30",355.7,"Qui qui odit.",2024-11-21,"20241121"
34,"Nonteneturquo.","Et ex dicta sint in quo.","k7MRmVY0X8",1,"2024-02-07 14:19:30","2024-02-07 14:19:30",220.5,"Eveniet et numquam.",2024-12-15,"20241215"
35,"Eossitquos.","Fuga et corporis sit.","c8cv2wvB8l",4,"2024-02-07 14:19:30","2024-02-07 14:19:30",306.6,"Earum rerum quo.",2024-05-22,"20240522"
36,"Autnesciunt.","Unde aut eos omnis ipsa.","NejL4wgj4w",5,"2024-02-07 14:19:30","2024-02-07 14:19:30",311,"Et vero et sed.",2024-11-04,"20241104"
37,"Illumillum.","Ut et molestias quas.","9BIOIxokpy",10,"2024-02-07 14:19:30","2024-02-07 14:19:30",213.8,"Et magni voluptas.",2024-06-16,"20240616"
38,"Accusamus.","Totam illum et enim sed.","sUJN8HxgFg",2,"2024-02-07 14:19:30","2024-02-07 14:19:30",249.7,"Quam velit.",2024-06-01,"20240601"
39,"Corruptiharum.","Sint sit sit sed libero.","NejL4wgj4w",10,"2024-02-07 14:19:30","2024-02-07 14:19:30",214.4,"Ut velit qui nobis.",2024-04-10,"20240410"
40,"Cupiditatehic.","Alias est ut id.","MY16uYysyt",8,"2024-02-07 14:19:30","2024-02-07 14:19:30",256.2,"Aut amet.",2024-10-29,"20241029"
41,"Necessitatibus.","Illum et vel maiores quo.","sUJN8HxgFg",5,"2024-02-07 14:19:30","2024-02-07 14:19:30",315.8,"Reiciendis et natus.",2024-06-07,"20240607"
42,"Corporis.","Illo iure quo ex.","Ns3an1ZfUF",6,"2024-02-07 14:19:30","2024-02-07 14:19:30",339.4,"Vel explicabo quam.",2024-09-10,"20240910"
43,"Similiqueoptio.","Qui molestiae dolor sit.","XDfFcXgT2G",5,"2024-02-07 14:19:30","2024-02-07 14:19:30",231.7,"Facilis quidem.",2024-05-22,"20240522"
44,"Enimet.","Velit sint et qui rerum.","c8cv2wvB8l",9,"2024-02-07 14:19:30","2024-02-07 14:19:30",250.5,"Quae sunt eaque.",2024-11-27,"20241127"
45,"Autemexpedita.","Omnis error est modi quo.","QydRVo7tLd",8,"2024-02-07 14:19:30","2024-02-07 14:19:30",220.9,"Eum in labore.",2024-05-12,"20240512"
46,"Rationeeos.","Aut et est quidem.","c8cv2wvB8l",1,"2024-02-07 14:19:30","2024-02-07 14:19:30",248.7,"Vel corporis sint.",2024-09-21,"20240921"
47,"Dolorumtotam.","Ab et at et error.","c8cv2wvB8l",9,"2024-02-07 14:19:30","2024-02-07 14:19:30",379.6,"Nihil et.",2024-05-24,"20240524"
48,"Minuseligendi.","Ipsam aut voluptatem id.","QydRVo7tLd",1,"2024-02-07 14:19:30","2024-02-07 14:19:30",264.7,"At libero dolorum.",2024-06-13,"20240613"
49,"Utdolores.","Et et aut omnis.","MY16uYysyt",9,"2024-02-07 14:19:30","2024-02-07 14:19:30",289.8,"Voluptatem laborum.",2024-03-11,"20240311"
50,"Automnis.","Debitis in a sit aut est.","wbGnntQmil",4,"2024-02-07 14:19:30","2024-02-07 14:19:30",331.1,"Nihil minus.",2024-09-21,"20240921"
51,"Assumenda.","Hic et eius vitae.","bEUYRWupM5",3,"2024-02-07 14:19:30","2024-02-07 14:19:30",329.3,"Qui quam est modi.",2024-11-06,"20241106"
52,"Fugiatrerum.","Non autem autem ut in ut.","c8cv2wvB8l",4,"2024-02-07 14:19:30","2024-02-07 14:19:30",300.4,"Rerum quo.",2024-06-02,"20240602"
53,"Voluptate.","Nobis modi ipsam et.","Qrs72gsjGa",9,"2024-02-07 14:19:30","2024-02-07 14:19:30",299.2,"Facilis illum fuga.",2024-11-05,"20241105"
54,"Eumutfacere.","Hic tenetur tempore et.","9BIOIxokpy",8,"2024-02-07 14:19:30","2024-02-07 14:19:30",282,"Eligendi magnam.",2024-11-21,"20241121"
55,"Voluptatemin.","Ea incidunt in et.","F8ioxlh8VT",10,"2024-02-07 14:19:30","2024-02-07 14:19:30",306.6,"Dolor quisquam est.",2024-04-30,"20240430"
56,"Veniamcumque.","Et non est quasi rem.","XDfFcXgT2G",1,"2024-02-07 14:19:30","2024-02-07 14:19:30",366.3,"Exercitationem.",2024-10-28,"20241028"
57,"Estpraesentium.","Maxime sed aut quasi qui.","NejL4wgj4w",4,"2024-02-07 14:19:30","2024-02-07 14:19:30",339.1,"Labore enim omnis.",2024-12-07,"20241207"
58,"Exercitationem.","Qui impedit omnis sunt.","0mocKkZUwr",10,"2024-02-07 14:19:30","2024-02-07 14:19:30",328.2,"Quis nulla autem.",2024-11-07,"20241107"
59,"Cupiditateet.","Voluptatem ut in et.","k7MRmVY0X8",3,"2024-02-07 14:19:30","2024-02-07 14:19:30",204.7,"Maiores quis sunt.",2024-08-01,"20240801"
60,"Etcupiditate.","Nam sed ut ad et aperiam.","F8ioxlh8VT",2,"2024-02-07 14:19:30","2024-02-07 14:19:30",328.7,"Aut ratione.",2024-06-04,"20240604"
61,"Doloremoptio.","Tenetur aut et sed illum.","F8ioxlh8VT",10,"2024-02-07 14:19:30","2024-02-07 14:19:30",255.2,"Adipisci enim ea et.",2024-05-26,"20240526"
62,"Voluptateseum.","Quia quia odit culpa.","XDfFcXgT2G",7,"2024-02-07 14:19:30","2024-02-07 14:19:30",311.9,"Dolorem quo et.",2024-07-08,"20240708"
63,"Veroeum.","Aut ad error et.","2X4ye9PhIh",9,"2024-02-07 14:19:30","2024-02-07 14:19:30",392.5,"Culpa molestiae.",2024-05-25,"20240525"
64,"Adipisci.","Nihil aut fugiat quaerat.","sUJN8HxgFg",1,"2024-02-07 14:19:30","2024-02-07 14:19:30",242,"Corporis quis.",2025-01-21,"20250121"
65,"Impedit.","Enim optio eum error ex.","NejL4wgj4w",7,"2024-02-07 14:19:30","2024-02-07 14:19:30",335.4,"Fugiat eos iure.",2024-07-11,"20240711"
66,"Veniam.","Sit qui vel in.","F8ioxlh8VT",10,"2024-02-07 14:19:30","2024-02-07 14:19:30",281.7,"Esse provident quo.",2024-10-03,"20241003"
67,"Praesentiumaut.","Placeat est et quo qui.","MY16uYysyt",3,"2024-02-07 14:19:30","2024-02-07 14:19:30",289.5,"Dolor eaque cum.",2024-05-04,"20240504"
68,"Sintrerum.","Et et aut magni quis.","Qrs72gsjGa",3,"2024-02-07 14:19:30","2024-02-07 14:19:30",270.1,"Repellat rerum.",2024-10-23,"20241023"
69,"Culpaplaceat.","Et et explicabo qui.","MY16uYysyt",4,"2024-02-07 14:19:30","2024-02-07 14:19:30",286.9,"Excepturi repellat.",2024-03-11,"20240311"
70,"Laudantiumquia.","Et eum sint quasi sint.","XDfFcXgT2G",8,"2024-02-07 14:19:30","2024-02-07 14:19:30",369,"Consectetur et.",2024-06-05,"20240605"
71,"Eosquae.","Laborum in adipisci modi.","8FWOY90d3u",10,"2024-02-07 14:19:30","2024-02-07 14:19:30",349.4,"Dolorem consequatur.",2024-10-21,"20241021"
72,"Velfugiat.","Minima ut omnis sed odio.","c8cv2wvB8l",3,"2024-02-07 14:19:30","2024-02-07 14:19:30",386.4,"Ut corporis libero.",2024-04-08,"20240408"
73,"Expeditaaut.","Qui est vel nostrum.","bEUYRWupM5",3,"2024-02-07 14:19:30","2024-02-07 14:19:30",307,"Et aut qui eveniet.",2024-12-23,"20241223"
74,"Consequatureum.","Repellat quo quis rerum.","0mocKkZUwr",9,"2024-02-07 14:19:30","2024-02-07 14:19:30",219.4,"Libero qui.",2024-05-17,"20240517"
75,"Pariaturaut.","Nesciunt sed qui ad.","k7MRmVY0X8",1,"2024-02-07 14:19:30","2024-02-07 14:19:30",279.5,"Placeat est sint.",2024-12-02,"20241202"
76,"Corporisid.","Rem ut voluptatibus a.","9uzI7NiOao",2,"2024-02-07 14:19:30","2024-02-07 14:19:30",246.6,"Rerum ipsa at quo.",2024-05-18,"20240518"
77,"Etin.","Ea labore id dolor vel.","wbGnntQmil",3,"2024-02-07 14:19:30","2024-02-07 14:19:30",261.4,"Velit sequi rem.",2024-10-01,"20241001"
78,"Dignissimos.","Ipsum qui repellat fugit.","Ns3an1ZfUF",6,"2024-02-07 14:19:30","2024-02-07 14:19:30",358.7,"Et omnis quia.",2024-12-20,"20241220"
79,"Voluptatem.","Et aut eaque est dolorum.","QydRVo7tLd",2,"2024-02-07 14:19:30","2024-02-07 14:19:30",234.8,"Enim recusandae.",2024-10-19,"20241019"
80,"Rerumadsint.","Sunt alias et et.","sUJN8HxgFg",1,"2024-02-07 14:19:30","2024-02-07 14:19:30",381.3,"Explicabo.",2024-12-08,"20241208"
81,"Aenimnesciunt.","Et sit aperiam eum.","QydRVo7tLd",8,"2024-02-07 14:19:30","2024-02-07 14:19:30",313.1,"Delectus culpa rem.",2024-07-12,"20240712"
82,"Dolorem.","Harum non qui modi.","wbGnntQmil",8,"2024-02-07 14:19:30","2024-02-07 14:19:30",386.9,"Tempore corrupti.",2024-09-08,"20240908"
83,"Ducimusnisi.","Dolore et eum iusto et.","8FWOY90d3u",1,"2024-02-07 14:19:30","2024-02-07 14:19:30",379.8,"Velit et voluptatum.",2024-06-05,"20240605"
84,"Quosdictaunde.","Ad nulla modi ut ut.","2X4ye9PhIh",7,"2024-02-07 14:19:30","2024-02-07 14:19:30",210,"Esse consequatur.",2024-07-20,"20240720"
85,"Etasperiores.","Culpa ut ab fugiat ut.","F8ioxlh8VT",7,"2024-02-07 14:19:30","2024-02-07 14:19:30",363.5,"Illum impedit.",2024-05-01,"20240501"
86,"Quaeratipsa.","Praesentium eaque ut qui.","k7MRmVY0X8",10,"2024-02-07 14:19:30","2024-02-07 14:19:30",340.4,"Deserunt quibusdam.",2024-09-26,"20240926"
87,"Ipsumoccaecati.","A qui provident officiis.","0mocKkZUwr",4,"2024-02-07 14:19:30","2024-02-07 14:19:30",357.9,"Deserunt cum sint.",2024-05-10,"20240510"
88,"Autmagniea.","Quo est vel quis.","c8cv2wvB8l",7,"2024-02-07 14:19:30","2024-02-07 14:19:30",220.1,"Nemo earum quia.",2024-06-08,"20240608"
89,"Etdoloribus.","Est harum autem in id.","sUJN8HxgFg",9,"2024-02-07 14:19:30","2024-02-07 14:19:30",322.9,"Sint omnis ut qui.",2024-12-10,"20241210"
90,"Quodquae.","Ut provident est eum aut.","XDfFcXgT2G",3,"2024-02-07 14:19:30","2024-02-07 14:19:30",346.8,"Expedita nihil.",2024-12-20,"20241220"
91,"Illumharumea.","Iste sunt quis ab.","RWmotgOYvt",2,"2024-02-07 14:19:30","2024-02-07 14:19:30",342,"Placeat voluptas.",2024-05-14,"20240514"
92,"Sitmolestiae.","Dolor non sint et neque.","bEUYRWupM5",4,"2024-02-07 14:19:30","2024-02-07 14:19:30",380.4,"Velit sed ipsa.",2024-06-02,"20240602"
93,"Impeditcommodi.","Et est qui ut.","4z9mSD6fzr",9,"2024-02-07 14:19:30","2024-02-07 14:19:30",205.8,"Similique enim.",2024-11-23,"20241123"
94,"Doloribus.","Eos culpa amet ut.","wbGnntQmil",8,"2024-02-07 14:19:30","2024-02-07 14:19:30",244.1,"Sed ut praesentium.",2024-05-16,"20240516"
95,"Doloremque.","Rerum qui saepe delectus.","4z9mSD6fzr",6,"2024-02-07 14:19:30","2024-02-07 14:19:30",241.1,"Iure qui aut.",2024-03-18,"20240318"
96,"Etfugadolores.","A ut quia et doloribus.","c8cv2wvB8l",4,"2024-02-07 14:19:30","2024-02-07 14:19:30",308.8,"Eligendi dolorem.",2024-08-24,"20240824"
97,"Iustomodi.","Atque ut sapiente autem.","2X4ye9PhIh",3,"2024-02-07 14:19:30","2024-02-07 14:19:30",226.6,"Libero facilis quas.",2024-10-09,"20241009"
98,"Quirecusandae.","Non delectus aut sint.","wbGnntQmil",7,"2024-02-07 14:19:30","2024-02-07 14:19:30",270.1,"Architecto iste.",2024-05-01,"20240501"
99,"Commodiet.","Fuga voluptate et maxime.","k7MRmVY0X8",5,"2024-02-07 14:19:31","2024-02-07 14:19:31",276.6,"Laborum culpa in.",2024-12-30,"20241230"
100,"Optio.","Nam et possimus velit.","9uzI7NiOao",5,"2024-02-07 14:19:31","2024-02-07 14:19:31",282.5,"Sit laboriosam quas.",2024-04-03,"20240403"
101,"Quiaquisquam.","Id sit id autem.","k7MRmVY0X8",9,"2024-02-07 14:19:31","2024-02-07 14:19:31",356,"Consectetur ut aut.",2024-09-26,"20240926"
102,"Quiavoluptates.","Suscipit eum quia beatae.","f3xiCdq81k",4,"2024-02-07 14:19:31","2024-02-07 14:19:31",320.5,"Fuga rerum.",2024-04-30,"20240430"
103,"Veleaipsam.","Et qui nihil eligendi.","MY16uYysyt",1,"2024-02-07 14:19:31","2024-02-07 14:19:31",246.9,"Ut incidunt aut.",2024-06-10,"20240610"
104,"Quasveritatis.","Est soluta ad amet.","XDfFcXgT2G",6,"2024-02-07 14:19:31","2024-02-07 14:19:31",229,"Est voluptatibus.",2024-12-13,"20241213"
105,"Occaecatiin.","Asperiores aut harum et.","MY16uYysyt",1,"2024-02-07 14:19:31","2024-02-07 14:19:31",267.8,"Rerum nam aut.",2024-03-09,"20240309"
106,"Quossoluta.","Aliquid iusto et qui.","F8ioxlh8VT",3,"2024-02-07 14:19:31","2024-02-07 14:19:31",216.3,"Aut quidem enim.",2025-01-09,"20250109"
107,"Pariatur.","Enim dolores a odio vero.","9BIOIxokpy",6,"2024-02-07 14:19:31","2024-02-07 14:19:31",242.6,"Ex sed nam quia.",2025-01-15,"20250115"
108,"Commodiaperiam.","At vitae quam cumque.","9uzI7NiOao",1,"2024-02-07 14:19:31","2024-02-07 14:19:31",348.6,"Temporibus esse ut.",2024-12-08,"20241208"
109,"Estdolores.","Sed et non aut.","f3xiCdq81k",3,"2024-02-07 14:19:31","2024-02-07 14:19:31",323.9,"Reiciendis error.",2024-10-10,"20241010"
110,"Ullamassumenda.","Earum quo qui quia non.","RWmotgOYvt",8,"2024-02-07 14:19:31","2024-02-07 14:19:31",348.8,"Tenetur omnis nihil.",2024-03-27,"20240327"
111,"Inpraesentium.","Velit ex assumenda eum.","Qrs72gsjGa",6,"2024-02-07 14:19:31","2024-02-07 14:19:31",289,"Harum id et at.",2024-12-20,"20241220"
112,"Autlibero.","Ea error et sit et.","9uzI7NiOao",2,"2024-02-07 14:19:31","2024-02-07 14:19:31",254.4,"Sed sed aspernatur.",2024-09-19,"20240919"
113,"Autemplaceat.","Consectetur et quo culpa.","8FWOY90d3u",2,"2024-02-07 14:19:31","2024-02-07 14:19:31",378.2,"Ut cupiditate quia.",2024-03-31,"20240331"
114,"Ametet.","Dolorem qui optio iure.","F8ioxlh8VT",10,"2024-02-07 14:19:31","2024-02-07 14:19:31",328.9,"Possimus est.",2024-10-31,"20241031"
115,"Voluptaset.","Ducimus nam et dolore.","9BIOIxokpy",5,"2024-02-07 14:19:31","2024-02-07 14:19:31",326.8,"Voluptatum harum.",2024-11-15,"20241115"
116,"Nesciunt.","Corrupti in aut corrupti.","F8ioxlh8VT",1,"2024-02-07 14:19:31","2024-02-07 14:19:31",381.8,"Ea quia non.",2024-03-11,"20240311"
117,"Odioetomnis.","Ut esse alias et eaque.","XDfFcXgT2G",6,"2024-02-07 14:19:31","2024-02-07 14:19:31",363.8,"Omnis cupiditate.",2024-10-28,"20241028"
118,"Labore.","Quis sit sed et quia aut.","Ns3an1ZfUF",8,"2024-02-07 14:19:31","2024-02-07 14:19:31",318.6,"Deserunt et aut.",2025-01-07,"20250107"
119,"Aspernaturquo.","Sed odit sit nesciunt.","f3xiCdq81k",5,"2024-02-07 14:19:31","2024-02-07 14:19:31",254.7,"Distinctio nam.",2024-10-06,"20241006"
120,"Faceredolorem.","Ut eos sunt quo ut.","0mocKkZUwr",4,"2024-02-07 14:19:31","2024-02-07 14:19:31",292.3,"Asperiores quis.",2024-06-21,"20240621"
121,"Consectetur.","Odio et ut in aut.","k7MRmVY0X8",5,"2024-02-07 14:19:31","2024-02-07 14:19:31",377.9,"Nulla omnis.",2024-04-03,"20240403"
122,"Idullam.","Et sint eum ea nesciunt.","RWmotgOYvt",5,"2024-02-07 14:19:31","2024-02-07 14:19:31",207.7,"Inventore est.",2024-11-11,"20241111"
123,"Essedelectus.","Et eum numquam dolor.","RWmotgOYvt",1,"2024-02-07 14:19:31","2024-02-07 14:19:31",207.5,"Unde et consequatur.",2025-01-16,"20250116"
124,"Idquaerat.","Velit sit nisi vitae.","MY16uYysyt",4,"2024-02-07 14:19:31","2024-02-07 14:19:31",374.6,"Temporibus possimus.",2024-04-28,"20240428"
125,"Velit.","Error nam dolor est.","wbGnntQmil",8,"2024-02-07 14:19:31","2024-02-07 14:19:31",269.4,"Odit expedita enim.",2024-04-07,"20240407"
126,"Ipsam.","Iste et nobis quia et.","2X4ye9PhIh",4,"2024-02-07 14:19:31","2024-02-07 14:19:31",215.7,"Autem aut iure.",2024-03-10,"20240310"
127,"Faceremollitia.","Sit qui consectetur enim.","bEUYRWupM5",3,"2024-02-07 14:19:31","2024-02-07 14:19:31",212.2,"Quae eos officiis.",2024-05-22,"20240522"
128,"Veniamnisiat.","Non omnis et quos.","wbGnntQmil",1,"2024-02-07 14:19:31","2024-02-07 14:19:31",377.7,"Rerum neque aut aut.",2025-01-18,"20250118"
129,"Vitaenostrum.","Ullam magnam nulla ut.","f3xiCdq81k",6,"2024-02-07 14:19:31","2024-02-07 14:19:31",327.8,"Nihil et quibusdam.",2024-06-19,"20240619"
130,"Errorpossimus.","Ullam sint ad aut nobis.","c8cv2wvB8l",9,"2024-02-07 14:19:31","2024-02-07 14:19:31",248.9,"Sit perferendis.",2024-10-25,"20241025"
131,"Asperiores.","Quia iste commodi nulla.","NejL4wgj4w",4,"2024-02-07 14:19:31","2024-02-07 14:19:31",380,"Voluptatem pariatur.",2024-11-10,"20241110"
132,"Doloremqui.","Enim iure et qui ex.","2X4ye9PhIh",9,"2024-02-07 14:19:31","2024-02-07 14:19:31",266.5,"Voluptates debitis.",2024-11-13,"20241113"
133,"Idillorerum.","Sint ut quaerat ullam.","Ns3an1ZfUF",7,"2024-02-07 14:19:31","2024-02-07 14:19:31",361.8,"Molestiae et magni.",2024-10-17,"20241017"
134,"Laboriosamsint.","Et est aut nam.","wbGnntQmil",1,"2024-02-07 14:19:31","2024-02-07 14:19:31",305.8,"Molestiae.",2024-11-14,"20241114"
135,"Namtemporeut.","Quaerat sed et quia.","RWmotgOYvt",8,"2024-02-07 14:19:31","2024-02-07 14:19:31",240,"Rerum libero vel.",2024-03-09,"20240309"
136,"Enimquidemqui.","Vel sunt illum explicabo.","9uzI7NiOao",3,"2024-02-07 14:19:31","2024-02-07 14:19:31",203.7,"Mollitia sint.",2024-08-31,"20240831"
137,"Quosed.","Ut enim qui ut.","bEUYRWupM5",6,"2024-02-07 14:19:31","2024-02-07 14:19:31",378.3,"Ullam quasi.",2024-08-08,"20240808"
138,"Modirepellat.","Ut quis ut quia omnis.","0mocKkZUwr",6,"2024-02-07 14:19:31","2024-02-07 14:19:31",398,"Soluta eveniet.",2024-04-04,"20240404"
139,"Underepellat.","Unde molestias saepe quo.","2X4ye9PhIh",2,"2024-02-07 14:19:31","2024-02-07 14:19:31",369.7,"Non fuga vel magnam.",2024-07-05,"20240705"
140,"Atquimagnam.","Sit voluptas a ut qui.","sUJN8HxgFg",1,"2024-02-07 14:19:31","2024-02-07 14:19:31",346.7,"Dolores et.",2024-08-12,"20240812"
141,"Suntesteius.","Culpa sunt modi maiores.","sUJN8HxgFg",6,"2024-02-07 14:19:31","2024-02-07 14:19:31",340.5,"Cupiditate ad.",2024-04-29,"20240429"
142,"Voluptasnisi.","A occaecati vel omnis.","k7MRmVY0X8",10,"2024-02-07 14:19:31","2024-02-07 14:19:31",313.5,"Sunt quia adipisci.",2024-06-05,"20240605"
143,"Corporisqui.","Ut qui ipsum veniam.","RWmotgOYvt",4,"2024-02-07 14:19:31","2024-02-07 14:19:31",329.6,"Et omnis ut facere.",2024-07-21,"20240721"
144,"Autsaepe.","In ut incidunt quidem in.","XDfFcXgT2G",4,"2024-02-07 14:19:31","2024-02-07 14:19:31",211.1,"Illum veniam.",2024-10-12,"20241012"
145,"Dolorvoluptate.","Nulla cupiditate cum et.","4z9mSD6fzr",5,"2024-02-07 14:19:31","2024-02-07 14:19:31",395.6,"Ipsa eligendi quam.",2024-05-04,"20240504"
146,"Nihilnon.","Sit maiores est esse ut.","Qrs72gsjGa",5,"2024-02-07 14:19:31","2024-02-07 14:19:31",289,"Quibusdam est ut.",2024-12-21,"20241221"
147,"Aautquia.","Debitis est et velit.","MY16uYysyt",1,"2024-02-07 14:19:31","2024-02-07 14:19:31",312.4,"Omnis voluptates.",2024-03-05,"20240305"
148,"Corrupti.","Aut quia ipsum qui at.","4z9mSD6fzr",7,"2024-02-07 14:19:31","2024-02-07 14:19:31",216.4,"Illum nam nostrum.",2024-02-19,"20240219"
149,"Inventore.","Saepe sint ipsam est et.","wbGnntQmil",10,"2024-02-07 14:19:31","2024-02-07 14:19:31",310.2,"Quia molestias.",2024-12-16,"20241216"
150,"Utquamdebitis.","Qui ad sed quos.","MY16uYysyt",5,"2024-02-07 14:19:31","2024-02-07 14:19:31",316.6,"Necessitatibus.",2024-04-14,"20240414"
151,"Addistinctio.","Ullam et dolores sed ex.","MY16uYysyt",8,"2024-02-07 14:19:31","2024-02-07 14:19:31",216.9,"Maiores cum nobis.",2024-07-20,"20240720"
152,"Occaecatiid.","Qui natus optio in.","wbGnntQmil",6,"2024-02-07 14:19:31","2024-02-07 14:19:31",357.1,"Nisi dolor sint.",2024-02-18,"20240218"
153,"Omnisdolorem.","Esse aut natus ut.","MY16uYysyt",7,"2024-02-07 14:19:31","2024-02-07 14:19:31",278.7,"Ab consequatur.",2025-01-13,"20250113"
154,"Autautemaut.","In aut eos ut est.","8FWOY90d3u",9,"2024-02-07 14:19:31","2024-02-07 14:19:31",289.3,"Id illo unde.",2024-04-24,"20240424"
155,"Enimlaudantium.","Autem et non voluptas.","2X4ye9PhIh",10,"2024-02-07 14:19:31","2024-02-07 14:19:31",340.1,"Iste magni eum.",2024-06-27,"20240627"
156,"Laboriosam.","Harum vel et praesentium.","9uzI7NiOao",4,"2024-02-07 14:19:31","2024-02-07 14:19:31",283.5,"Aspernatur quam.",2024-10-11,"20241011"
157,"Ullamrerum.","Numquam ab eius qui qui.","c8cv2wvB8l",5,"2024-02-07 14:19:31","2024-02-07 14:19:31",216,"Harum molestiae.",2024-08-07,"20240807"
158,"Sitnihil.","Nostrum qui omnis saepe.","QydRVo7tLd",7,"2024-02-07 14:19:31","2024-02-07 14:19:31",254.2,"Quia eos.",2024-05-02,"20240502"
159,"Ipsumsit.","Vitae non enim et natus.","0mocKkZUwr",4,"2024-02-07 14:19:31","2024-02-07 14:19:31",387.2,"Dolores dignissimos.",2024-08-23,"20240823"
160,"Exestsuntnon.","Earum nihil qui nam.","wbGnntQmil",1,"2024-02-07 14:19:31","2024-02-07 14:19:31",400,"Exercitationem.",2024-03-03,"20240303"
161,"Estasperiores.","Qui sed eos quod.","8FWOY90d3u",9,"2024-02-07 14:19:31","2024-02-07 14:19:31",369.7,"Necessitatibus ut.",2025-01-14,"20250114"
162,"Velitvitae.","Dolore fugiat in ut at.","bEUYRWupM5",2,"2024-02-07 14:19:31","2024-02-07 14:19:31",248.4,"Omnis dolorem.",2024-11-22,"20241122"
163,"Quodvelit.","Ut qui est suscipit odit.","f3xiCdq81k",2,"2024-02-07 14:19:31","2024-02-07 14:19:31",220.7,"Cupiditate velit ad.",2024-06-02,"20240602"
164,"Eaillum.","Ut modi tempora illum.","2X4ye9PhIh",4,"2024-02-07 14:19:31","2024-02-07 14:19:31",382.2,"Earum quas quia.",2024-03-16,"20240316"
165,"Recusandae.","Quis ipsam fugit ut.","f3xiCdq81k",2,"2024-02-07 14:19:31","2024-02-07 14:19:31",275.9,"Consequatur fuga.",2024-09-15,"20240915"
166,"Velitquasiet.","Rem soluta quidem odio.","XDfFcXgT2G",1,"2024-02-07 14:19:31","2024-02-07 14:19:31",308.2,"Ipsum et vel at.",2024-10-11,"20241011"
167,"Quianemo.","Non et deserunt quam sit.","wbGnntQmil",9,"2024-02-07 14:19:31","2024-02-07 14:19:31",272.6,"Repudiandae.",2024-09-26,"20240926"
168,"Nihil.","Ut vel autem rerum porro.","Qrs72gsjGa",6,"2024-02-07 14:19:31","2024-02-07 14:19:31",288.3,"Quaerat consectetur.",2024-07-23,"20240723"
169,"Repellatid.","Vel ad cum dolorem.","f3xiCdq81k",4,"2024-02-07 14:19:31","2024-02-07 14:19:31",294.6,"Ipsam voluptatibus.",2024-11-24,"20241124"
170,"Estquaererum.","Rerum eius sed sit.","0mocKkZUwr",6,"2024-02-07 14:19:31","2024-02-07 14:19:31",362.1,"Perferendis omnis.",2024-08-14,"20240814"
171,"Nonitaqueeum.","At provident hic velit.","4z9mSD6fzr",1,"2024-02-07 14:19:31","2024-02-07 14:19:31",253.7,"Recusandae facere.",2024-08-28,"20240828"
172,"Doloresiste.","Ut nihil facilis fugit.","bEUYRWupM5",1,"2024-02-07 14:19:31","2024-02-07 14:19:31",219.7,"Omnis ad ab vero.",2024-06-15,"20240615"
173,"Etdolorem.","Qui vel et ut doloremque.","Ns3an1ZfUF",9,"2024-02-07 14:19:31","2024-02-07 14:19:31",250.3,"Ut dolores.",2024-10-22,"20241022"
174,"Quiaoccaecati.","Et odit est et.","XDfFcXgT2G",8,"2024-02-07 14:19:31","2024-02-07 14:19:31",307.7,"Suscipit similique.",2024-08-02,"20240802"
175,"Nobisnamut.","Odit vel cumque qui.","8FWOY90d3u",6,"2024-02-07 14:19:31","2024-02-07 14:19:31",210.4,"Nemo commodi.",2024-12-10,"20241210"
176,"Maioresnobis.","In ullam sed et qui.","F8ioxlh8VT",9,"2024-02-07 14:19:31","2024-02-07 14:19:31",375.3,"Maiores nam.",2024-05-07,"20240507"
177,"Numquam.","Fuga nisi aperiam ullam.","8FWOY90d3u",3,"2024-02-07 14:19:31","2024-02-07 14:19:31",398.6,"Reprehenderit sit.",2024-05-03,"20240503"
178,"Quiadipisci.","Labore atque et sit qui.","c8cv2wvB8l",3,"2024-02-07 14:19:31","2024-02-07 14:19:31",254.7,"Similique ut libero.",2024-09-24,"20240924"
179,"Quaerat.","Aut odit ea velit in et.","9BIOIxokpy",5,"2024-02-07 14:19:31","2024-02-07 14:19:31",288.8,"Nostrum ipsum.",2024-06-06,"20240606"
180,"Commodifugiat.","Vel iste qui explicabo.","9BIOIxokpy",8,"2024-02-07 14:19:31","2024-02-07 14:19:31",283.3,"Et provident in ex.",2024-08-03,"20240803"
181,"Aperiamvero.","Veniam vel quos nisi vel.","9uzI7NiOao",9,"2024-02-07 14:19:31","2024-02-07 14:19:31",389,"Consectetur ipsa id.",2024-03-16,"20240316"
182,"Utcommodi.","Aut temporibus nam est.","RWmotgOYvt",2,"2024-02-07 14:19:31","2024-02-07 14:19:31",246.8,"Ut qui delectus.",2024-06-30,"20240630"
183,"Quieosqui.","Eos sunt at aliquid amet.","2X4ye9PhIh",5,"2024-02-07 14:19:31","2024-02-07 14:19:31",279.8,"Et architecto.",2024-09-02,"20240902"
184,"Eosvoluptates.","Qui quae ut rerum quos.","8FWOY90d3u",4,"2024-02-07 14:19:31","2024-02-07 14:19:31",383,"Adipisci eum.",2024-02-28,"20240228"
185,"Quae.","Minus est culpa est sed.","NejL4wgj4w",3,"2024-02-07 14:19:31","2024-02-07 14:19:31",326.8,"Quas eos.",2024-11-09,"20241109"
186,"Earemet.","Et perspiciatis et vel.","8FWOY90d3u",10,"2024-02-07 14:19:31","2024-02-07 14:19:31",344.6,"Molestias.",2024-12-06,"20241206"
187,"Modieos.","Id in velit adipisci est.","8FWOY90d3u",3,"2024-02-07 14:19:31","2024-02-07 14:19:31",386.9,"Saepe ut iste.",2024-08-15,"20240815"
188,"Cupiditatesit.","Non voluptas alias minus.","4z9mSD6fzr",8,"2024-02-07 14:19:31","2024-02-07 14:19:31",337.6,"Quaerat omnis.",2024-09-08,"20240908"
189,"Ametvoluptatum.","Accusamus est et eum.","8FWOY90d3u",10,"2024-02-07 14:19:31","2024-02-07 14:19:31",382.4,"Molestiae suscipit.",2024-03-16,"20240316"
190,"Accusantium.","Enim earum saepe odio.","c8cv2wvB8l",7,"2024-02-07 14:19:31","2024-02-07 14:19:31",351.2,"Vero qui aut eaque.",2024-02-15,"20240215"
191,"Doloribustotam.","Doloribus et sunt id.","sUJN8HxgFg",9,"2024-02-07 14:19:31","2024-02-07 14:19:31",380.5,"Suscipit harum.",2024-08-09,"20240809"
192,"Explicabo.","Vel ex repellat nihil.","8FWOY90d3u",3,"2024-02-07 14:19:31","2024-02-07 14:19:31",357.4,"Earum ut optio vero.",2024-12-26,"20241226"
193,"Commodiplaceat.","In et et reiciendis ab.","RWmotgOYvt",3,"2024-02-07 14:19:31","2024-02-07 14:19:31",364.6,"Sint aliquid sint.",2024-11-02,"20241102"
194,"Distinctio.","Vel aut rerum et laborum.","wbGnntQmil",6,"2024-02-07 14:19:31","2024-02-07 14:19:31",251.8,"Quia nihil fugit.",2024-04-20,"20240420"
195,"Sitinsitex.","Modi et sit assumenda.","XDfFcXgT2G",5,"2024-02-07 14:19:31","2024-02-07 14:19:31",288.8,"Quos qui occaecati.",2024-03-23,"20240323"
196,"Rationequae.","Et optio sed et dolor ut.","Ns3an1ZfUF",8,"2024-02-07 14:19:31","2024-02-07 14:19:31",332.5,"Sit rem architecto.",2024-08-20,"20240820"
197,"Utsednisi.","Et odit corrupti eum aut.","9uzI7NiOao",1,"2024-02-07 14:19:31","2024-02-07 14:19:31",209.9,"Dolores.",2024-10-24,"20241024"
198,"Providentvero.","Eos minima tempore sed.","c8cv2wvB8l",6,"2024-02-07 14:19:31","2024-02-07 14:19:31",275.3,"Quos eum sapiente.",2025-01-11,"20250111"
199,"Optioanimi.","Facere deserunt alias ut.","4z9mSD6fzr",9,"2024-02-07 14:19:31","2024-02-07 14:19:31",211.1,"Ex voluptatem.",2024-12-12,"20241212"
200,"Voluptas.","Quia ullam et aut.","Ns3an1ZfUF",7,"2024-02-07 14:19:31","2024-02-07 14:19:31",395.1,"Odio corrupti.",2024-06-30,"20240630"
201,"Earumautemet.","Minima quod dolorum a.","XDfFcXgT2G",4,"2024-02-07 14:19:31","2024-02-07 14:19:31",312.4,"Aliquid quam est et.",2024-07-23,"20240723"
202,"Enimnatus.","Ut molestiae sunt nisi.","sUJN8HxgFg",10,"2024-02-07 14:19:31","2024-02-07 14:19:31",298.9,"Voluptatibus.",2024-07-28,"20240728"
203,"Atfugiatdolor.","Rerum optio fugit qui id.","F8ioxlh8VT",5,"2024-02-07 14:19:31","2024-02-07 14:19:31",346.1,"Quis dolores.",2024-05-03,"20240503"
204,"Suntsimilique.","Quisquam maxime qui est.","4z9mSD6fzr",9,"2024-02-07 14:19:31","2024-02-07 14:19:31",201,"Iste odit sapiente.",2024-09-24,"20240924"
205,"Velitsedautem.","Vel nobis velit dolores.","sUJN8HxgFg",9,"2024-02-07 14:19:31","2024-02-07 14:19:31",319.3,"Iusto est nisi eum.",2024-09-10,"20240910"
206,"Quissapiente.","Non ea qui nostrum nihil.","NejL4wgj4w",7,"2024-02-07 14:19:31","2024-02-07 14:19:31",233.8,"Deserunt impedit.",2024-10-02,"20241002"
207,"Omnisexcepturi.","Velit ea voluptatem est.","f3xiCdq81k",10,"2024-02-07 14:19:31","2024-02-07 14:19:31",386,"Non sequi ex.",2024-10-13,"20241013"
208,"Sitsimilique.","Vel nihil id voluptatum.","MY16uYysyt",8,"2024-02-07 14:19:31","2024-02-07 14:19:31",217.5,"Possimus illum aut.",2025-01-19,"20250119"
209,"Veritatiseos.","Sint ut aut soluta eum.","bEUYRWupM5",4,"2024-02-07 14:19:31","2024-02-07 14:19:31",256.3,"Consequatur hic.",2024-12-27,"20241227"
210,"Nihildolorem.","Ut rem inventore omnis.","Ns3an1ZfUF",7,"2024-02-07 14:19:31","2024-02-07 14:19:31",239.6,"Assumenda eum.",2024-10-05,"20241005"
211,"Omnismolestias.","Nobis dolorum est eius a.","9BIOIxokpy",5,"2024-02-07 14:19:31","2024-02-07 14:19:31",353.4,"Corrupti eos ad et.",2024-05-02,"20240502"
212,"Rerumetatet.","Quo labore ipsam maiores.","c8cv2wvB8l",5,"2024-02-07 14:19:31","2024-02-07 14:19:31",204.4,"Nihil praesentium.",2024-05-25,"20240525"
213,"Nostrumqui.","Optio nobis qui id.","8FWOY90d3u",10,"2024-02-07 14:19:31","2024-02-07 14:19:31",314.8,"Consequatur quaerat.",2024-12-24,"20241224"
214,"Magnisit.","Unde natus ab aut.","0mocKkZUwr",4,"2024-02-07 14:19:31","2024-02-07 14:19:31",327.9,"Pariatur aut ipsam.",2024-04-16,"20240416"
215,"Excepturirerum.","Et ullam ipsum quidem et.","8FWOY90d3u",4,"2024-02-07 14:19:31","2024-02-07 14:19:31",255.4,"Sit sint eos id.",2025-01-14,"20250114"
216,"Etmagnam.","Omnis amet officia nisi.","RWmotgOYvt",2,"2024-02-07 14:19:31","2024-02-07 14:19:31",390,"Vero dolorem.",2025-01-21,"20250121"
217,"Fugaaliquam.","Est sequi iure adipisci.","sUJN8HxgFg",9,"2024-02-07 14:19:31","2024-02-07 14:19:31",379.4,"Ea eaque qui sunt.",2024-05-31,"20240531"
218,"Eaque.","Omnis nihil dolor neque.","RWmotgOYvt",9,"2024-02-07 14:19:31","2024-02-07 14:19:31",299.7,"Fugit tenetur quod.",2024-06-01,"20240601"
219,"Voluptatemut.","Ut soluta facere cum.","9BIOIxokpy",2,"2024-02-07 14:19:31","2024-02-07 14:19:31",270.2,"Nam exercitationem.",2024-06-02,"20240602"
220,"Omnisquis.","Sit non et molestias sit.","8FWOY90d3u",7,"2024-02-07 14:19:31","2024-02-07 14:19:31",340.8,"Velit maxime vel et.",2024-11-21,"20241121"
221,"Quametquaerat.","Non natus quia et aut.","bEUYRWupM5",1,"2024-02-07 14:19:31","2024-02-07 14:19:31",234.7,"Qui nam quo quis.",2024-02-17,"20240217"
222,"Etnatuseius.","Ut eos unde ut corrupti.","9BIOIxokpy",4,"2024-02-07 14:19:31","2024-02-07 14:19:31",335.5,"Iste eos impedit.",2024-04-21,"20240421"
223,"Cumqueerror.","Quibusdam eveniet ut rem.","F8ioxlh8VT",3,"2024-02-07 14:19:31","2024-02-07 14:19:31",286,"Sit dolores.",2024-12-29,"20241229"
224,"Doloremnumquam.","Autem culpa officia aut.","sUJN8HxgFg",4,"2024-02-07 14:19:31","2024-02-07 14:19:31",330.2,"Quia sint atque.",2024-03-17,"20240317"
225,"Eumetvelet.","A vitae et placeat.","8FWOY90d3u",3,"2024-02-07 14:19:31","2024-02-07 14:19:31",371.5,"Consectetur quae.",2024-09-19,"20240919"
226,"Delectusqui.","Maxime ipsa enim ut ut.","bEUYRWupM5",3,"2024-02-07 14:19:31","2024-02-07 14:19:31",229.2,"Eos perferendis.",2024-11-22,"20241122"
227,"Etdolor.","Esse quo provident harum.","wbGnntQmil",2,"2024-02-07 14:19:31","2024-02-07 14:19:31",299.8,"Culpa officiis.",2024-03-24,"20240324"
228,"Utnulla.","At qui iure architecto.","9uzI7NiOao",10,"2024-02-07 14:19:31","2024-02-07 14:19:31",263.8,"Velit in.",2024-05-15,"20240515"
229,"Nisisequi.","Alias et ea itaque.","k7MRmVY0X8",2,"2024-02-07 14:19:31","2024-02-07 14:19:31",230.3,"Et aut recusandae.",2024-03-31,"20240331"
230,"Quibusdameum.","Omnis fuga est in.","4z9mSD6fzr",7,"2024-02-07 14:19:31","2024-02-07 14:19:31",262.5,"Ipsum beatae magnam.",2024-08-11,"20240811"
231,"Magniquiasint.","Rem quia non dolorem.","4z9mSD6fzr",10,"2024-02-07 14:19:31","2024-02-07 14:19:31",397.8,"Dolor et numquam ex.",2024-03-17,"20240317"
232,"Doloreaestut.","Autem cum sunt molestiae.","bEUYRWupM5",7,"2024-02-07 14:19:31","2024-02-07 14:19:31",200.5,"Maiores eius et aut.",2024-09-16,"20240916"
233,"Beataemagnam.","Itaque non amet eius.","NejL4wgj4w",8,"2024-02-07 14:19:31","2024-02-07 14:19:31",258.5,"Labore dolorem et.",2024-06-01,"20240601"
234,"Asequialiquam.","Dicta saepe ut eos non.","wbGnntQmil",2,"2024-02-07 14:19:31","2024-02-07 14:19:31",378.7,"Suscipit eum.",2024-02-16,"20240216"
235,"Etmolestias.","Ut velit et impedit.","wbGnntQmil",4,"2024-02-07 14:19:31","2024-02-07 14:19:31",339.4,"Ut nisi tempora.",2024-08-09,"20240809"
236,"Harumnonet.","Dicta dolores sunt et.","bEUYRWupM5",5,"2024-02-07 14:19:31","2024-02-07 14:19:31",209.9,"Et magnam qui ex.",2024-03-01,"20240301"
237,"Fugiatomnis.","Culpa dolor fuga sint.","bEUYRWupM5",5,"2024-02-07 14:19:31","2024-02-07 14:19:31",250.8,"Quibusdam eaque.",2024-08-04,"20240804"
238,"Nostrumculpa.","Sunt rerum incidunt nam.","c8cv2wvB8l",8,"2024-02-07 14:19:31","2024-02-07 14:19:31",204.1,"Eum ut.",2024-11-06,"20241106"
239,"Aliquam.","Sit non aliquam sequi.","sUJN8HxgFg",6,"2024-02-07 14:19:31","2024-02-07 14:19:31",361.6,"Rerum iusto et.",2024-08-13,"20240813"
240,"Faciliseos.","Dolorem a nam numquam et.","NejL4wgj4w",1,"2024-02-07 14:19:31","2024-02-07 14:19:31",250.5,"Exercitationem.",2024-12-20,"20241220"
241,"Omnis.","Et velit id et atque sit.","4z9mSD6fzr",1,"2024-02-07 14:19:31","2024-02-07 14:19:31",377.3,"Numquam quaerat.",2024-08-09,"20240809"
242,"Rerumsequiut.","Ipsum nam id laborum et.","F8ioxlh8VT",10,"2024-02-07 14:19:31","2024-02-07 14:19:31",346.8,"Deserunt impedit.",2025-01-14,"20250114"
243,"Culpaexpedita.","Et dicta cum vel tempore.","RWmotgOYvt",8,"2024-02-07 14:19:31","2024-02-07 14:19:31",219.4,"Adipisci voluptatem.",2024-06-11,"20240611"
244,"Ametlaudantium.","Ea vel alias id officiis.","8FWOY90d3u",9,"2024-02-07 14:19:31","2024-02-07 14:19:31",261,"Ipsum earum.",2024-05-30,"20240530"
245,"Cumnihilsit.","Dolor iste placeat error.","XDfFcXgT2G",10,"2024-02-07 14:19:31","2024-02-07 14:19:31",218.6,"Veritatis maxime.",2024-07-20,"20240720"
246,"Remetvel.","Non quis ab et a.","NejL4wgj4w",4,"2024-02-07 14:19:31","2024-02-07 14:19:31",356.3,"Veritatis aut.",2024-03-24,"20240324"
247,"Natussimilique.","Itaque qui aut optio et.","f3xiCdq81k",1,"2024-02-07 14:19:31","2024-02-07 14:19:31",206.9,"Suscipit est eum.",2024-11-04,"20241104"
248,"Eaqueinventore.","Quos fugit amet quos.","sUJN8HxgFg",3,"2024-02-07 14:19:31","2024-02-07 14:19:31",224.2,"Eum quod ullam quis.",2024-06-13,"20240613"
249,"Etbeataesint.","Fuga fugiat eius qui quo.","bEUYRWupM5",9,"2024-02-07 14:19:31","2024-02-07 14:19:31",342.6,"Odit officiis.",2024-05-22,"20240522"
250,"Commodifacere.","Natus aut animi beatae.","0mocKkZUwr",2,"2024-02-07 14:19:31","2024-02-07 14:19:31",291,"Modi laboriosam.",2024-11-17,"20241117"
251,"Quiaenim.","Nemo assumenda et ut.","wbGnntQmil",6,"2024-02-07 14:19:31","2024-02-07 14:19:31",320.1,"Et ea quo est.",2024-12-28,"20241228"
252,"Autassumenda.","Ut sequi vel et non.","QydRVo7tLd",1,"2024-02-07 14:19:31","2024-02-07 14:19:31",249.5,"Velit suscipit.",2024-05-12,"20240512"
253,"Quisquamrerum.","Id illum ex dolor qui.","RWmotgOYvt",9,"2024-02-07 14:19:31","2024-02-07 14:19:31",253.4,"Accusantium at ut.",2024-04-14,"20240414"
254,"Estaliquid.","Saepe cum et quam nihil.","F8ioxlh8VT",5,"2024-02-07 14:19:31","2024-02-07 14:19:31",307.2,"Dolor in tempore.",2024-03-04,"20240304"
255,"Corruptiipsam.","Ut numquam quidem aut.","RWmotgOYvt",4,"2024-02-07 14:19:31","2024-02-07 14:19:31",306,"Reiciendis harum.",2024-08-14,"20240814"
256,"Dolor.","Iure hic aliquam non et.","Qrs72gsjGa",2,"2024-02-07 14:19:31","2024-02-07 14:19:31",209.5,"Ut voluptatem.",2024-07-19,"20240719"
257,"Eaetcum.","Id eaque esse non et.","RWmotgOYvt",3,"2024-02-07 14:19:31","2024-02-07 14:19:31",220.6,"Enim non.",2024-09-21,"20240921"
258,"Abodioeius.","Ab eos enim quas.","4z9mSD6fzr",3,"2024-02-07 14:19:31","2024-02-07 14:19:31",288,"Amet culpa eum sed.",2024-05-23,"20240523"
259,"Consequaturid.","Aut aut ut ipsam.","bEUYRWupM5",5,"2024-02-07 14:19:31","2024-02-07 14:19:31",391.4,"Nemo voluptatibus.",2025-01-07,"20250107"
260,"Verosapiente.","Sit eius nemo ullam.","0mocKkZUwr",8,"2024-02-07 14:19:31","2024-02-07 14:19:31",341.5,"Omnis inventore at.",2024-02-19,"20240219"
261,"Quibusdamaut.","Tenetur et dolorum ab.","4z9mSD6fzr",7,"2024-02-07 14:19:31","2024-02-07 14:19:31",397.4,"Est reprehenderit.",2024-09-30,"20240930"
262,"Ipsamveronon.","Qui corporis ut facilis.","Qrs72gsjGa",3,"2024-02-07 14:19:31","2024-02-07 14:19:31",361.7,"Amet unde sed nemo.",2024-11-26,"20241126"
263,"Enimtempora.","Et et sit et est.","wbGnntQmil",2,"2024-02-07 14:19:31","2024-02-07 14:19:31",306.1,"Quas fugit beatae.",2024-04-05,"20240405"
264,"Possimus.","Dolor sunt et officiis.","8FWOY90d3u",1,"2024-02-07 14:19:31","2024-02-07 14:19:31",396,"Consequatur labore.",2024-09-11,"20240911"
265,"Officianon.","Sunt sit voluptatem ut.","4z9mSD6fzr",7,"2024-02-07 14:19:31","2024-02-07 14:19:31",270,"Facilis vel ut odio.",2024-05-10,"20240510"
266,"Voluptatemest.","Ipsum sed quo minus enim.","wbGnntQmil",3,"2024-02-07 14:19:31","2024-02-07 14:19:31",226.2,"Explicabo.",2024-02-11,"20240211"
267,"Nihilatqui.","Cumque impedit vero id.","k7MRmVY0X8",5,"2024-02-07 14:19:31","2024-02-07 14:19:31",391.9,"Ut esse nemo.",2024-03-15,"20240315"
268,"Adquia.","Dolor ducimus qui amet.","wbGnntQmil",10,"2024-02-07 14:19:31","2024-02-07 14:19:31",316.7,"Perspiciatis sed id.",2024-02-29,"20240229"
269,"Culpanihil.","Illo eos quo quia.","k7MRmVY0X8",7,"2024-02-07 14:19:31","2024-02-07 14:19:31",225.7,"Unde nemo velit sed.",2024-10-27,"20241027"
270,"Omnismodiquod.","Et modi natus id beatae.","Ns3an1ZfUF",9,"2024-02-07 14:19:31","2024-02-07 14:19:31",335.3,"Veritatis ducimus.",2025-01-06,"20250106"
271,"Ametdeserunt.","Ratione in eos minima.","2X4ye9PhIh",8,"2024-02-07 14:19:31","2024-02-07 14:19:31",344.5,"Mollitia est eum.",2024-03-02,"20240302"
272,"Nisifacilisut.","Velit veritatis ab optio.","MY16uYysyt",2,"2024-02-07 14:19:31","2024-02-07 14:19:31",245,"Quod exercitationem.",2024-02-13,"20240213"
273,"Commodised.","Ut odio non in qui.","Qrs72gsjGa",5,"2024-02-07 14:19:31","2024-02-07 14:19:31",225.5,"Beatae est voluptas.",2024-03-06,"20240306"
274,"Quiaet.","Et qui illum est quidem.","F8ioxlh8VT",9,"2024-02-07 14:19:31","2024-02-07 14:19:31",201.4,"Vitae molestiae et.",2024-08-17,"20240817"
275,"Earumutsit.","Et amet ut quaerat id.","8FWOY90d3u",5,"2024-02-07 14:19:31","2024-02-07 14:19:31",231.6,"Accusamus sapiente.",2024-06-05,"20240605"
276,"Reprehenderit.","Corporis vel soluta quia.","2X4ye9PhIh",6,"2024-02-07 14:19:31","2024-02-07 14:19:31",213.3,"Voluptate.",2024-07-11,"20240711"
277,"Occaecatirem.","Ut ea est numquam in.","RWmotgOYvt",7,"2024-02-07 14:19:31","2024-02-07 14:19:31",386,"Rerum facilis quia.",2024-10-09,"20241009"
278,"Aspernatur.","Quis ut nam omnis omnis.","4z9mSD6fzr",8,"2024-02-07 14:19:31","2024-02-07 14:19:31",365.6,"Quod exercitationem.",2024-12-30,"20241230"
279,"Culpaquod.","Officiis dicta unde cum.","F8ioxlh8VT",4,"2024-02-07 14:19:31","2024-02-07 14:19:31",228,"Recusandae aut aut.",2024-02-07,"20240207"
280,"Nonomnis.","Omnis unde qui ut.","sUJN8HxgFg",2,"2024-02-07 14:19:31","2024-02-07 14:19:31",320.1,"Sit ipsum quo et.",2024-12-20,"20241220"
281,"Itaquequiaet.","Illum debitis minima ut.","c8cv2wvB8l",4,"2024-02-07 14:19:31","2024-02-07 14:19:31",259.5,"Ex est totam odit.",2024-05-08,"20240508"
282,"Etquae.","Sunt quaerat qui tempora.","0mocKkZUwr",10,"2024-02-07 14:19:31","2024-02-07 14:19:31",270.9,"Quo non est vel.",2024-07-19,"20240719"
283,"Autcum.","Aut autem ab commodi.","wbGnntQmil",2,"2024-02-07 14:19:31","2024-02-07 14:19:31",342,"Qui quis occaecati.",2024-03-13,"20240313"
284,"Officianihil.","Numquam corrupti est sed.","F8ioxlh8VT",1,"2024-02-07 14:19:31","2024-02-07 14:19:31",335.9,"Autem earum quasi.",2024-03-21,"20240321"
285,"Adlaudantium.","Aut sunt eum sunt neque.","Qrs72gsjGa",3,"2024-02-07 14:19:31","2024-02-07 14:19:31",376.9,"Dolorem itaque aut.",2024-06-18,"20240618"
286,"Adipisciut.","Non reprehenderit aut et.","k7MRmVY0X8",7,"2024-02-07 14:19:31","2024-02-07 14:19:31",366.9,"Ut quos ipsa.",2024-03-14,"20240314"
287,"Quodsintnon.","In vero harum voluptas.","k7MRmVY0X8",7,"2024-02-07 14:19:31","2024-02-07 14:19:31",267.6,"Quaerat consequatur.",2024-08-11,"20240811"
288,"Sintetquaset.","Et nam non sunt aliquam.","f3xiCdq81k",9,"2024-02-07 14:19:31","2024-02-07 14:19:31",305.3,"Adipisci qui saepe.",2024-05-19,"20240519"
289,"Etetdolores.","Non id illum repellat.","8FWOY90d3u",10,"2024-02-07 14:19:31","2024-02-07 14:19:31",357.9,"Aut praesentium.",2024-03-29,"20240329"
290,"Accusamusquas.","Reiciendis quis est quo.","k7MRmVY0X8",4,"2024-02-07 14:19:31","2024-02-07 14:19:31",210.8,"Aut modi adipisci.",2024-03-22,"20240322"
291,"Quisquamut.","Quam ipsum atque rerum.","k7MRmVY0X8",5,"2024-02-07 14:19:31","2024-02-07 14:19:31",305.9,"Nemo sit quasi.",2024-05-21,"20240521"
292,"Omnisexplicabo.","Id ea dolor modi est.","9BIOIxokpy",3,"2024-02-07 14:19:31","2024-02-07 14:19:31",338.9,"Cum laboriosam.",2024-07-23,"20240723"
293,"Sapiente.","Et facilis voluptas esse.","0mocKkZUwr",4,"2024-02-07 14:19:31","2024-02-07 14:19:31",266,"Eum et temporibus.",2024-02-29,"20240229"
294,"Voluptasea.","Sit ut tempora et et.","9BIOIxokpy",6,"2024-02-07 14:19:31","2024-02-07 14:19:31",239.1,"Aspernatur earum.",2024-10-18,"20241018"
295,"Rerumtempora.","In corrupti fuga est sit.","4z9mSD6fzr",9,"2024-02-07 14:19:31","2024-02-07 14:19:31",214,"Voluptatem.",2024-08-05,"20240805"
296,"Undedoloremque.","Qui id natus explicabo.","4z9mSD6fzr",8,"2024-02-07 14:19:31","2024-02-07 14:19:31",320.2,"Sint facilis minima.",2024-10-07,"20241007"
297,"Autmagnamaut.","Quis quia ipsa ipsam et.","bEUYRWupM5",8,"2024-02-07 14:19:31","2024-02-07 14:19:31",292.5,"Error quis nihil.",2024-10-27,"20241027"
298,"Eumearumtotam.","Nobis error id est aut.","bEUYRWupM5",1,"2024-02-07 14:19:31","2024-02-07 14:19:31",393.6,"Fugiat corrupti.",2025-01-18,"20250118"
299,"Solutaquis.","Et et rerum velit.","9BIOIxokpy",5,"2024-02-07 14:19:31","2024-02-07 14:19:31",352.9,"Fugiat odio eius.",2024-05-22,"20240522"
300,"Beataeest.","Est possimus cum qui.","NejL4wgj4w",7,"2024-02-07 14:19:31","2024-02-07 14:19:31",316.5,"Voluptas qui.",2024-12-01,"20241201"
301,"Errorullamqui.","Vero adipisci et et in.","9uzI7NiOao",2,"2024-02-07 14:19:31","2024-02-07 14:19:31",311.3,"Praesentium iure.",2024-07-28,"20240728"
302,"Etquasmagni.","Dolores ex non omnis et.","MY16uYysyt",10,"2024-02-07 14:19:31","2024-02-07 14:19:31",342.3,"Pariatur labore.",2024-07-26,"20240726"
303,"Assumendanatus.","Non ad alias omnis est.","XDfFcXgT2G",8,"2024-02-07 14:19:31","2024-02-07 14:19:31",271.5,"Magni nihil culpa.",2024-11-15,"20241115"
304,"Quidoloremque.","Sed ipsum tempore qui.","QydRVo7tLd",9,"2024-02-07 14:19:31","2024-02-07 14:19:31",234.7,"Eos eligendi.",2024-08-07,"20240807"
305,"Quaeratquos.","Sint sed dolores eius.","NejL4wgj4w",4,"2024-02-07 14:19:31","2024-02-07 14:19:31",216.5,"Blanditiis nemo.",2024-09-14,"20240914"
306,"Atab.","Expedita et cumque sit.","wbGnntQmil",4,"2024-02-07 14:19:31","2024-02-07 14:19:31",342.1,"Ullam omnis aut.",2024-03-04,"20240304"
307,"Molestias.","Culpa quia eius ut.","MY16uYysyt",4,"2024-02-07 14:19:31","2024-02-07 14:19:31",216.3,"Non minus.",2025-01-16,"20250116"
308,"Repudiandae.","Eum doloribus ut quos.","bEUYRWupM5",6,"2024-02-07 14:19:31","2024-02-07 14:19:31",390.9,"Recusandae quo.",2025-01-18,"20250118"
309,"Iustoitaque.","Et illo facilis corporis.","wbGnntQmil",5,"2024-02-07 14:19:31","2024-02-07 14:19:31",231,"Incidunt accusamus.",2024-08-29,"20240829"
310,"Rerumdicta.","A eum eos assumenda et.","NejL4wgj4w",3,"2024-02-07 14:19:31","2024-02-07 14:19:31",300.3,"Et voluptatem cum.",2024-11-04,"20241104"
311,"Liberocorrupti.","A ut alias quae.","2X4ye9PhIh",10,"2024-02-07 14:19:31","2024-02-07 14:19:31",262,"Aut velit.",2024-10-14,"20241014"
312,"Explicaboest.","Amet est sit illum.","Ns3an1ZfUF",6,"2024-02-07 14:19:31","2024-02-07 14:19:31",294.9,"Dolor quo tenetur.",2024-07-06,"20240706"
313,"Utquodet.","Optio ut ex sint iusto.","bEUYRWupM5",10,"2024-02-07 14:19:31","2024-02-07 14:19:31",310.2,"Veniam qui.",2025-01-06,"20250106"
314,"Etautcorporis.","Amet sint non libero.","0mocKkZUwr",8,"2024-02-07 14:19:31","2024-02-07 14:19:31",293.1,"Neque illo ut quasi.",2024-11-15,"20241115"
315,"Sintvel.","Dolore autem et earum.","XDfFcXgT2G",4,"2024-02-07 14:19:31","2024-02-07 14:19:31",383.2,"Adipisci aliquam.",2024-10-08,"20241008"
316,"Nobis.","Ea eius expedita dolores.","wbGnntQmil",5,"2024-02-07 14:19:31","2024-02-07 14:19:31",386.3,"Corporis et aliquid.",2024-12-28,"20241228"
317,"Velitdeleniti.","Quam et et dolorum harum.","4z9mSD6fzr",2,"2024-02-07 14:19:31","2024-02-07 14:19:31",345.6,"Aut tenetur.",2024-08-05,"20240805"
318,"Quibusdamquia.","Dolores sed error sed.","Ns3an1ZfUF",2,"2024-02-07 14:19:31","2024-02-07 14:19:31",226.3,"Eum quibusdam ut.",2024-09-04,"20240904"
319,"Etaccusamus.","Ut nemo nulla aut.","bEUYRWupM5",2,"2024-02-07 14:19:31","2024-02-07 14:19:31",324.2,"Officia odio ea aut.",2024-10-14,"20241014"
320,"Esteumsunt.","Consectetur eos et velit.","2X4ye9PhIh",1,"2024-02-07 14:19:31","2024-02-07 14:19:31",386.1,"Temporibus vel.",2024-05-16,"20240516"
321,"Blanditiis.","At est neque eos.","8FWOY90d3u",8,"2024-02-07 14:19:31","2024-02-07 14:19:31",204.2,"Iusto quia et quis.",2024-08-30,"20240830"
322,"Sitvoluptatem.","At rerum in velit quo.","RWmotgOYvt",2,"2024-02-07 14:19:31","2024-02-07 14:19:31",206,"Voluptatem.",2024-07-30,"20240730"
323,"Ducimusquia.","Hic eum culpa non ut.","sUJN8HxgFg",10,"2024-02-07 14:19:31","2024-02-07 14:19:31",351.4,"Porro facere rerum.",2024-04-21,"20240421"
324,"Natusvoluptas.","Nemo enim ab vel minima.","bEUYRWupM5",9,"2024-02-07 14:19:31","2024-02-07 14:19:31",354.7,"Voluptatum est.",2024-12-11,"20241211"
325,"Etsediure.","Veniam est rerum qui aut.","XDfFcXgT2G",2,"2024-02-07 14:19:31","2024-02-07 14:19:31",275.7,"Cumque magnam nemo.",2024-07-14,"20240714"
326,"Fugitutvelit.","Ipsam nostrum sit aut.","8FWOY90d3u",4,"2024-02-07 14:19:31","2024-02-07 14:19:31",380.3,"Quaerat perferendis.",2024-12-19,"20241219"
327,"Assumendaiusto.","Eum animi iste autem et.","k7MRmVY0X8",2,"2024-02-07 14:19:31","2024-02-07 14:19:31",255.6,"Temporibus sint.",2025-01-08,"20250108"
328,"Aliquid.","Cum sint enim qui.","Ns3an1ZfUF",5,"2024-02-07 14:19:31","2024-02-07 14:19:31",243.2,"Et eum quidem.",2024-08-14,"20240814"
329,"Deserunt.","Sit quis est eius fugiat.","sUJN8HxgFg",9,"2024-02-07 14:19:31","2024-02-07 14:19:31",376.4,"Voluptas ea nemo.",2024-07-18,"20240718"
330,"Sitaliquam.","Est et quia non.","F8ioxlh8VT",4,"2024-02-07 14:19:31","2024-02-07 14:19:31",305.5,"Et qui sed officiis.",2024-09-16,"20240916"
331,"Quasideleniti.","Iste enim tenetur ut in.","QydRVo7tLd",6,"2024-02-07 14:19:31","2024-02-07 14:19:31",242.1,"Totam et non.",2024-03-20,"20240320"
332,"Harumearum.","Non eum ut rerum in ea.","sUJN8HxgFg",9,"2024-02-07 14:19:31","2024-02-07 14:19:31",373.9,"Incidunt deleniti.",2024-06-20,"20240620"
333,"Eumminima.","Velit quia enim ullam et.","9uzI7NiOao",5,"2024-02-07 14:19:31","2024-02-07 14:19:31",341.5,"Est quia.",2024-05-24,"20240524"
334,"Fugitquodet.","Illo aut repudiandae aut.","2X4ye9PhIh",8,"2024-02-07 14:19:31","2024-02-07 14:19:31",316,"Est incidunt totam.",2025-01-17,"20250117"
335,"Nonetalias.","Hic ducimus at rerum.","2X4ye9PhIh",8,"2024-02-07 14:19:31","2024-02-07 14:19:31",294.7,"Sit delectus ut.",2024-05-13,"20240513"
336,"Temporibus.","Eaque ea aut et ut.","RWmotgOYvt",5,"2024-02-07 14:19:31","2024-02-07 14:19:31",393.4,"Ducimus non.",2024-02-23,"20240223"
337,"Autetaut.","In molestiae et culpa a.","4z9mSD6fzr",1,"2024-02-07 14:19:31","2024-02-07 14:19:31",344.9,"Impedit suscipit.",2024-02-17,"20240217"
338,"Molestiae.","Et rem ut velit neque.","4z9mSD6fzr",3,"2024-02-07 14:19:31","2024-02-07 14:19:31",343.8,"Tenetur sint fuga.",2024-09-14,"20240914"
339,"Earumquaequi.","Dolor ut dolor ut.","QydRVo7tLd",10,"2024-02-07 14:19:31","2024-02-07 14:19:31",250.9,"Alias eos esse qui.",2024-11-27,"20241127"
340,"Aperiam.","Ex quo est qui ut non.","k7MRmVY0X8",7,"2024-02-07 14:19:31","2024-02-07 14:19:31",300.5,"Mollitia laboriosam.",2025-01-14,"20250114"
341,"Uterror.","Ipsum eius aut quam.","c8cv2wvB8l",10,"2024-02-07 14:19:31","2024-02-07 14:19:31",233,"Odio in cumque.",2024-05-16,"20240516"
342,"Fugiatquod.","Delectus et qui est.","9uzI7NiOao",7,"2024-02-07 14:19:31","2024-02-07 14:19:31",386.3,"Ut debitis ducimus.",2024-03-30,"20240330"
343,"Perferendisea.","Eos nulla soluta unde.","RWmotgOYvt",5,"2024-02-07 14:19:31","2024-02-07 14:19:31",384.1,"Harum enim sit sunt.",2024-12-23,"20241223"
344,"Doloribusatque.","Sed ut eos quasi.","Qrs72gsjGa",3,"2024-02-07 14:19:31","2024-02-07 14:19:31",281.4,"Omnis at deleniti.",2024-12-09,"20241209"
345,"Quissuntdicta.","Voluptatem non et in eos.","2X4ye9PhIh",4,"2024-02-07 14:19:31","2024-02-07 14:19:31",366.3,"Aliquid omnis.",2024-05-04,"20240504"
346,"Etquisquam.","Id a laborum eum.","RWmotgOYvt",2,"2024-02-07 14:19:31","2024-02-07 14:19:31",265.9,"Quis molestiae.",2025-01-07,"20250107"
347,"Animicommodi.","Sint praesentium qui est.","F8ioxlh8VT",3,"2024-02-07 14:19:31","2024-02-07 14:19:31",270.7,"Earum dolores eos.",2024-12-20,"20241220"
348,"Utvoluptate.","Dolores optio velit sit.","NejL4wgj4w",7,"2024-02-07 14:19:31","2024-02-07 14:19:31",308.1,"Qui quis reiciendis.",2024-05-31,"20240531"
349,"Ipsumculpaex.","Et veritatis eos aut vel.","4z9mSD6fzr",6,"2024-02-07 14:19:31","2024-02-07 14:19:31",298.5,"Suscipit non ipsum.",2024-10-10,"20241010"
350,"Sintilloqui.","Deleniti non eos ad et.","k7MRmVY0X8",6,"2024-02-07 14:19:31","2024-02-07 14:19:31",254.3,"Est mollitia ut.",2024-08-14,"20240814"
351,"Totam.","Qui et laborum est ut.","QydRVo7tLd",4,"2024-02-07 14:19:31","2024-02-07 14:19:31",205,"Sint voluptas autem.",2024-08-06,"20240806"
352,"Voluptatumvel.","Dolor amet beatae facere.","XDfFcXgT2G",2,"2024-02-07 14:19:31","2024-02-07 14:19:31",310.9,"Et et culpa ex.",2024-09-23,"20240923"
353,"Autnihilqui.","Iste in et aut sit illo.","wbGnntQmil",3,"2024-02-07 14:19:31","2024-02-07 14:19:31",363.2,"Qui ut veniam.",2025-01-16,"20250116"
354,"Utestmagnam.","Ut et deserunt nostrum.","Ns3an1ZfUF",4,"2024-02-07 14:19:31","2024-02-07 14:19:31",287.3,"Dolor iusto fugiat.",2024-07-25,"20240725"
355,"Doloresvitae.","Itaque vel eius modi.","9BIOIxokpy",6,"2024-02-07 14:19:31","2024-02-07 14:19:31",354.3,"Omnis dolorem vel.",2024-05-28,"20240528"
356,"Quaeratlibero.","Ratione ad qui et et.","k7MRmVY0X8",2,"2024-02-07 14:19:31","2024-02-07 14:19:31",373,"Dignissimos veniam.",2024-06-03,"20240603"
357,"Nonpossimus.","Minima non omnis modi ut.","Ns3an1ZfUF",4,"2024-02-07 14:19:31","2024-02-07 14:19:31",367.8,"Eum dolore cumque.",2024-10-25,"20241025"
358,"Commodiest.","In quia ut ut.","c8cv2wvB8l",1,"2024-02-07 14:19:31","2024-02-07 14:19:31",263.8,"Repellat nihil.",2024-10-24,"20241024"
359,"Quamquosodio.","Alias sit officia et.","wbGnntQmil",7,"2024-02-07 14:19:31","2024-02-07 14:19:31",300.4,"Iste vero in nisi.",2024-10-29,"20241029"
360,"Autvoluptatum.","Rerum omnis qui eos.","4z9mSD6fzr",2,"2024-02-07 14:19:31","2024-02-07 14:19:31",264.7,"Voluptas dolores.",2024-11-22,"20241122"
361,"Delectuseius.","Aut omnis ut nemo rerum.","XDfFcXgT2G",5,"2024-02-07 14:19:31","2024-02-07 14:19:31",250.2,"Doloremque saepe id.",2024-12-13,"20241213"
362,"Voluptatumest.","Quam non ipsum molestias.","wbGnntQmil",2,"2024-02-07 14:19:31","2024-02-07 14:19:31",296.9,"Voluptates quos.",2024-10-22,"20241022"
363,"Vitaesunt.","Sint qui quia in.","F8ioxlh8VT",5,"2024-02-07 14:19:31","2024-02-07 14:19:31",347.1,"Quis ut optio.",2024-06-15,"20240615"
364,"Culpaeiusat.","Ut fugit eos repellendus.","QydRVo7tLd",4,"2024-02-07 14:19:31","2024-02-07 14:19:31",311.4,"Voluptas est.",2024-11-05,"20241105"
365,"Etitaquesit.","Vero at quam dicta.","NejL4wgj4w",10,"2024-02-07 14:19:31","2024-02-07 14:19:31",384.9,"Sed consectetur.",2024-09-23,"20240923"
366,"Similiqueut.","Rerum dolorum vel quod.","bEUYRWupM5",9,"2024-02-07 14:19:31","2024-02-07 14:19:31",215.2,"Mollitia magni est.",2024-09-04,"20240904"
367,"Inventoresequi.","Qui aut sint quia optio.","8FWOY90d3u",10,"2024-02-07 14:19:31","2024-02-07 14:19:31",263.6,"Aut pariatur.",2025-01-08,"20250108"
368,"Etpossimus.","Adipisci aut ipsam a id.","RWmotgOYvt",5,"2024-02-07 14:19:31","2024-02-07 14:19:31",255.4,"Id laboriosam.",2024-10-07,"20241007"
369,"Sitperferendis.","Autem aut in et at est.","0mocKkZUwr",7,"2024-02-07 14:19:31","2024-02-07 14:19:31",270.4,"Aliquam libero.",2024-10-21,"20241021"
370,"Harumcommodi.","Et velit sit et illo.","F8ioxlh8VT",1,"2024-02-07 14:19:31","2024-02-07 14:19:31",307.5,"Rerum nobis et.",2024-12-10,"20241210"
371,"Sitmaiores.","Vel aut in eos animi et.","bEUYRWupM5",9,"2024-02-07 14:19:31","2024-02-07 14:19:31",346.9,"Neque quos ut.",2024-04-25,"20240425"
372,"Iureaperiam.","Odio atque explicabo ut.","wbGnntQmil",2,"2024-02-07 14:19:31","2024-02-07 14:19:31",388.5,"Tempora laudantium.",2024-02-19,"20240219"
373,"Quiseumveniam.","Est officia sit vel quos.","NejL4wgj4w",4,"2024-02-07 14:19:31","2024-02-07 14:19:31",236.9,"Impedit commodi.",2024-10-11,"20241011"
374,"Quosipsamat.","Eius et quae quasi.","8FWOY90d3u",5,"2024-02-07 14:19:31","2024-02-07 14:19:31",262.1,"Quo doloremque.",2024-06-15,"20240615"
375,"Hicquiaomnis.","A et sit nemo unde in.","wbGnntQmil",9,"2024-02-07 14:19:31","2024-02-07 14:19:31",369.8,"Et non sit.",2024-09-03,"20240903"
376,"Ullamsuntut.","Ut sit voluptas aut.","NejL4wgj4w",6,"2024-02-07 14:19:31","2024-02-07 14:19:31",236.6,"Praesentium nihil.",2024-10-17,"20241017"
377,"Ipsumquaerat.","Laborum ab est id soluta.","MY16uYysyt",8,"2024-02-07 14:19:31","2024-02-07 14:19:31",212.9,"Voluptatem ab.",2024-04-05,"20240405"
378,"Nihilipsa.","Delectus eos fuga sit et.","F8ioxlh8VT",7,"2024-02-07 14:19:31","2024-02-07 14:19:31",371.7,"Est voluptates.",2024-12-18,"20241218"
379,"Inventoreporro.","At et et neque.","QydRVo7tLd",10,"2024-02-07 14:19:31","2024-02-07 14:19:31",204.6,"Et est delectus.",2025-01-06,"20250106"
380,"Eumautiste.","Cum est ullam earum.","8FWOY90d3u",10,"2024-02-07 14:19:31","2024-02-07 14:19:31",379.6,"Autem fuga odio.",2024-02-25,"20240225"
381,"Estquodautem.","Ut cum eos enim ea.","wbGnntQmil",5,"2024-02-07 14:19:31","2024-02-07 14:19:31",241.7,"Minima possimus.",2024-05-17,"20240517"
382,"Dolores.","Ut doloremque eaque modi.","XDfFcXgT2G",9,"2024-02-07 14:19:31","2024-02-07 14:19:31",390,"Voluptatem magnam.",2024-10-05,"20241005"
383,"Repellendus.","Nemo error dolores est.","wbGnntQmil",9,"2024-02-07 14:19:31","2024-02-07 14:19:31",201.4,"Blanditiis ipsum.",2024-08-10,"20240810"
384,"Voluptateset.","Ut sequi debitis aut et.","c8cv2wvB8l",4,"2024-02-07 14:19:31","2024-02-07 14:19:31",288.1,"Ut ipsum saepe.",2024-07-06,"20240706"
385,"Nisidelectus.","Hic fugit eaque omnis et.","RWmotgOYvt",8,"2024-02-07 14:19:31","2024-02-07 14:19:31",287.8,"Esse rerum.",2024-11-20,"20241120"
386,"Quamnatus.","Aut qui ut voluptas.","F8ioxlh8VT",6,"2024-02-07 14:19:31","2024-02-07 14:19:31",390.5,"Qui voluptate autem.",2024-10-22,"20241022"
387,"Velitfugiat.","Qui ea cum dolor.","wbGnntQmil",6,"2024-02-07 14:19:31","2024-02-07 14:19:31",366.2,"Doloribus quod.",2024-11-10,"20241110"
388,"Autlaborumquo.","Delectus iure cum culpa.","MY16uYysyt",8,"2024-02-07 14:19:31","2024-02-07 14:19:31",371.4,"Rem qui eaque.",2024-02-28,"20240228"
389,"Illumatminus.","Eos culpa ex vero.","4z9mSD6fzr",4,"2024-02-07 14:19:31","2024-02-07 14:19:31",351.9,"Debitis quasi.",2024-11-29,"20241129"
390,"Eumet.","Nobis ex ab et.","2X4ye9PhIh",3,"2024-02-07 14:19:31","2024-02-07 14:19:31",206,"Et animi rerum.",2024-05-09,"20240509"
391,"Quiamaiores.","Aliquid ab aut sed sint.","QydRVo7tLd",2,"2024-02-07 14:19:31","2024-02-07 14:19:31",239.7,"Ad ducimus omnis.",2024-06-23,"20240623"
392,"Suntrerumut.","Quis soluta esse et.","bEUYRWupM5",10,"2024-02-07 14:19:31","2024-02-07 14:19:31",361.4,"Beatae modi et sed.",2024-05-15,"20240515"
393,"Utquiafacilis.","Quis aperiam labore quod.","f3xiCdq81k",8,"2024-02-07 14:19:31","2024-02-07 14:19:31",249.3,"Sed aut laboriosam.",2024-08-17,"20240817"
394,"Inventorequi.","Qui at in velit.","wbGnntQmil",6,"2024-02-07 14:19:31","2024-02-07 14:19:31",313.1,"Quia velit velit.",2024-08-02,"20240802"
395,"Consequuntur.","Nisi sed eos quis.","9uzI7NiOao",1,"2024-02-07 14:19:31","2024-02-07 14:19:31",374.7,"Aut eum commodi.",2024-10-17,"20241017"
396,"Omniscommodi.","Natus sit voluptatem eos.","sUJN8HxgFg",8,"2024-02-07 14:19:31","2024-02-07 14:19:31",349.2,"Repudiandae rerum.",2024-03-17,"20240317"
397,"Quisintut.","Hic unde qui culpa illum.","c8cv2wvB8l",2,"2024-02-07 14:19:31","2024-02-07 14:19:31",389.3,"Excepturi veritatis.",2024-10-12,"20241012"
398,"Mollitia.","Aut et vel ipsa.","f3xiCdq81k",9,"2024-02-07 14:19:31","2024-02-07 14:19:31",222.8,"Facilis totam et.",2024-03-23,"20240323"
399,"Nisietvel.","Sit vero ex ab ea.","Ns3an1ZfUF",10,"2024-02-07 14:19:31","2024-02-07 14:19:31",317.7,"Aperiam soluta.",2024-05-23,"20240523"
400,"Veroeveniet.","Iste impedit velit illum.","Qrs72gsjGa",3,"2024-02-07 14:19:31","2024-02-07 14:19:31",340.5,"Unde provident.",2024-11-21,"20241121"
401,"Sapienteveniam.","Enim illo porro non.","2X4ye9PhIh",4,"2024-02-07 14:19:31","2024-02-07 14:19:31",372.3,"Fuga sit delectus.",2024-09-23,"20240923"
402,"Aut.","Quo velit et aut.","MY16uYysyt",3,"2024-02-07 14:19:31","2024-02-07 14:19:31",294.2,"Soluta molestiae.",2024-03-19,"20240319"
403,"Vitaemagnam.","Quo vel inventore sed.","2X4ye9PhIh",9,"2024-02-07 14:19:31","2024-02-07 14:19:31",216.7,"Et qui enim porro.",2025-01-07,"20250107"
404,"Asperioresnisi.","Ut tempora et officia.","bEUYRWupM5",6,"2024-02-07 14:19:31","2024-02-07 14:19:31",258.8,"Maxime quod ut.",2024-05-15,"20240515"
405,"Etperspiciatis.","Quisquam at et rerum.","wbGnntQmil",8,"2024-02-07 14:19:31","2024-02-07 14:19:31",364.3,"Illum qui dolorem.",2024-12-07,"20241207"
406,"Quiaea.","Ea eaque aut libero ea.","Qrs72gsjGa",1,"2024-02-07 14:19:31","2024-02-07 14:19:31",386.7,"Accusamus non.",2024-06-25,"20240625"
407,"Eveniet.","Et ad molestiae qui.","Qrs72gsjGa",3,"2024-02-07 14:19:31","2024-02-07 14:19:31",219.2,"Rerum enim debitis.",2024-05-12,"20240512"
408,"Istequia.","Omnis quis culpa iste.","QydRVo7tLd",3,"2024-02-07 14:19:31","2024-02-07 14:19:31",359.6,"A odio omnis et non.",2024-11-28,"20241128"
409,"Minima.","Et beatae nihil sequi.","8FWOY90d3u",6,"2024-02-07 14:19:31","2024-02-07 14:19:31",365.9,"Natus et ea qui.",2024-04-29,"20240429"
410,"Blanditiisut.","Eos quod commodi fuga.","f3xiCdq81k",9,"2024-02-07 14:19:31","2024-02-07 14:19:31",209.2,"Alias totam nihil.",2024-11-03,"20241103"
411,"Uteavitae.","Et et enim ut fugit.","9BIOIxokpy",2,"2024-02-07 14:19:31","2024-02-07 14:19:31",304.7,"Qui aut ipsa.",2024-08-02,"20240802"
412,"Consequaturaut.","Sed assumenda amet quis.","Ns3an1ZfUF",2,"2024-02-07 14:19:31","2024-02-07 14:19:31",350.1,"Quia vel.",2024-07-16,"20240716"
413,"Praesentiuma.","In vel autem est cum.","4z9mSD6fzr",1,"2024-02-07 14:19:31","2024-02-07 14:19:31",375.1,"Nulla natus cum.",2024-12-11,"20241211"
414,"Idautem.","Ea culpa et est qui esse.","f3xiCdq81k",7,"2024-02-07 14:19:31","2024-02-07 14:19:31",260.7,"Qui ullam culpa.",2024-03-17,"20240317"
415,"Hicsunt.","In vero et sit animi.","XDfFcXgT2G",6,"2024-02-07 14:19:31","2024-02-07 14:19:31",251.4,"Dolore rem deserunt.",2024-03-17,"20240317"
416,"Quasutomnis.","Et quos voluptate sed ad.","XDfFcXgT2G",6,"2024-02-07 14:19:31","2024-02-07 14:19:31",218.5,"Quasi distinctio.",2024-03-15,"20240315"
417,"Dolorfugaqui.","Soluta non aperiam modi.","RWmotgOYvt",2,"2024-02-07 14:19:31","2024-02-07 14:19:31",208.6,"Consequatur est.",2025-01-18,"20250118"
418,"Sedneque.","Non dicta officiis culpa.","f3xiCdq81k",2,"2024-02-07 14:19:31","2024-02-07 14:19:31",359.3,"Qui natus quasi.",2024-12-16,"20241216"
419,"Remfugitipsum.","Maiores et debitis et.","2X4ye9PhIh",2,"2024-02-07 14:19:31","2024-02-07 14:19:31",260.1,"Ut ducimus incidunt.",2024-02-13,"20240213"
420,"Estautem.","Rem est hic illo quae.","XDfFcXgT2G",8,"2024-02-07 14:19:31","2024-02-07 14:19:31",203.5,"Rerum tenetur aut.",2024-06-30,"20240630"
